start,stop,pi,theta_w,segregating_sites,singletons,max_daf,tajimas_d
185,100185,0.0016468010050251303,0.005983281939155622,3514.0,2093.0,0.995,-2.3421705316928243
100185,200185,0.0016426442211055442,0.00618249764401651,3631.0,2195.0,0.995,-2.3731038789139625
200185,300185,0.002804695979899397,0.007920952641135877,4652.0,2549.0,0.995,-2.0880202510528267
300185,400185,0.0037382507537686797,0.00933930035181211,5485.0,2657.0,0.995,-1.9390107343074157
400185,500185,0.0037082793969847342,0.010338784272780836,6072.0,3078.0,0.995,-2.0736599767558213
500185,600185,0.004665598994974525,0.014905421199591947,8754.0,4412.0,0.995,-2.221823841861096
600185,700185,0.005094601005024731,0.015955986070525,9371.0,4474.0,0.995,-2.20159833139103
700185,800185,0.005511743718592595,0.017158091093018905,10077.0,4924.0,0.995,-2.19539298285814
800185,900185,0.005867474371858963,0.017251739501286844,10132.0,4794.0,0.995,-2.1343453399206216
900185,1000185,0.00475004924623074,0.016000256227160756,9397.0,4768.0,0.995,-2.274105934989378
1000185,1100185,0.005194634170853821,0.01763144122935503,10355.0,5098.0,0.995,-2.28148659463572
1100185,1200185,0.004831316582914147,0.016235228596996675,9535.0,4878.0,0.995,-2.271829065049582
1200185,1300185,0.004374754271356438,0.014331611861659306,8417.0,4429.0,0.995,-2.2468783355615947
1300185,1400185,0.0047692849246227555,0.014127288061801985,8297.0,4177.0,0.995,-2.142265250434102
1400185,1500185,0.005386248241205705,0.014997366909527741,8808.0,4167.0,0.995,-2.072630025566489
1500185,1600185,0.0055946738693463715,0.01716490188634748,10081.0,4760.0,0.995,-2.1801791028165654
1600185,1700185,0.0047280080402005925,0.016553633185107663,9722.0,5039.0,0.995,-2.3105481510554022
1700185,1800185,0.004034659798994636,0.015584797834117536,9153.0,4958.0,0.995,-2.396941504380224
1800185,1900185,0.004194343718592636,0.014733448668045369,8653.0,4420.0,0.995,-2.3134392733611535
1900185,2000185,0.004808717587939251,0.017316442037908327,10170.0,5313.0,0.995,-2.336215820737053
2000185,2100185,0.004731122613064918,0.016175634155371623,9500.0,4871.0,0.995,-2.288312711967316
2100185,2200185,0.004075319095477123,0.013146533822486846,7721.0,3737.0,0.995,-2.231439076726925
2200185,2300185,0.0041867663316580185,0.012644237814504267,7426.0,3557.0,0.995,-2.1630593348450677
2300185,2400185,0.003989546231155495,0.012952426212622393,7607.0,3827.0,0.995,-2.2378110647832243
2400185,2500185,0.004411220603014755,0.014018315368544747,8233.0,4263.0,0.995,-2.216374932500429
2500185,2600185,0.00479798743718557,0.01405918012851621,8257.0,4202.0,0.995,-2.1303679176177464
2600185,2700185,0.0035963668341705774,0.013836126647005304,8126.0,4606.0,0.995,-2.393420568463627
2700185,2800185,0.00461859145728608,0.014650016449770296,8604.0,4552.0,0.995,-2.214532144805131
2800185,2900185,0.004646885929647912,0.013504100472237157,7931.0,4101.0,0.995,-2.121139452899139
2900185,3000185,0.003618127638190696,0.013338938734019158,7834.0,4410.0,0.995,-2.356762488037853
3000185,3100185,0.0027681487437184772,0.010771269649145498,6326.0,3466.0,0.995,-2.4025151725481186
3100185,3200185,0.003494812060301268,0.012756615904425794,7492.0,4169.0,0.995,-2.347918519008477
3200185,3300185,0.004651304522612791,0.01240586004800406,7286.0,3570.0,0.995,-2.021368050407029
3300185,3400185,0.004466014070351461,0.013083533984197506,7684.0,3853.0,0.995,-2.130035441754199
3400185,3500185,0.0036903889447233887,0.011830348011739275,6948.0,3487.0,0.995,-2.22498298931413
3500185,3600185,0.004159721105527277,0.015375365939263783,9030.0,4808.0,0.995,-2.359213475794041
3600185,3700185,0.004496343718592589,0.014735151366377514,8654.0,4467.0,0.995,-2.2472614322998177
3700185,3800185,0.004079884422110192,0.014944583261231267,8777.0,4802.0,0.995,-2.351234484963624
3800185,3900185,0.004777124623115203,0.015031420876170628,8828.0,4471.0,0.995,-2.2063235612766956
3900185,4000185,0.004274666331657937,0.014132396156798418,8300.0,4437.0,0.995,-2.255849139864023
4000185,4100185,0.004973236683416683,0.01603771559046793,9419.0,4649.0,0.995,-2.2313416500259993
4100185,4200185,0.005474877889446876,0.01661833572172915,9760.0,4629.0,0.995,-2.16878994166607
4200185,4300185,0.004575566834170502,0.01420390948674848,8342.0,4167.0,0.995,-2.1922687894170543
4300185,4400185,0.004748658793969465,0.014796448506334709,8690.0,4410.0,0.995,-2.1962047411587253
4400185,4500185,0.003979315577889175,0.01312780414083326,7710.0,4016.0,0.995,-2.2536565962641677
4500185,4600185,0.004837164321607665,0.015230636581031515,8945.0,4693.0,0.995,-2.2070336310488528
4600185,4700185,0.004304690954773515,0.01522042039103865,8939.0,4782.0,0.995,-2.319488959019019
4700185,4800185,0.004282128140703212,0.01377142411038382,8088.0,4117.0,0.995,-2.2284236502497956
4800185,4900185,0.0053515366834166874,0.01539750101758166,9043.0,4384.0,0.995,-2.1101346186418555
4900185,5000185,0.005010773869346334,0.015234041977695803,8947.0,4254.0,0.995,-2.1704060825782303
5000185,5100185,0.00462547236180868,0.014738556763041801,8656.0,4429.0,0.995,-2.2191545167804234
5100185,5200185,0.004662102010049844,0.015627365292421147,9178.0,4572.0,0.995,-2.2693701073366075
5200185,5300185,0.004954612060301106,0.01538558212925665,9036.0,4571.0,0.995,-2.192700758285158
5300185,5400185,0.004591523115577517,0.014980339926206298,8798.0,4506.0,0.995,-2.2428850904515003
5400185,5500185,0.004054091959798642,0.01544858196754599,9073.0,4914.0,0.995,-2.385479972825691
5500185,5600185,0.003940290954773533,0.01523233927936366,8946.0,4866.0,0.995,-2.397576614603903
5600185,5700185,0.004764803015075005,0.01501609659118133,8819.0,4429.0,0.995,-2.2079272719927623
5700185,5800185,0.005201739195979429,0.01725514489795113,10134.0,5101.0,0.995,-2.2593514045062073
5800185,5900185,0.004441392462311279,0.012359887193036163,7259.0,3386.0,0.995,-2.0717744231456345
5900185,6000185,0.004145573869346458,0.01286899399434732,7558.0,3745.0,0.995,-2.192135759647911
6000185,6100185,0.004854009045225769,0.014425260269927244,8472.0,4068.0,0.995,-2.1458477333902835
6100185,6200185,0.004243384422110234,0.013684586495444457,8037.0,3930.0,0.995,-2.2311905536937666
6200185,6300185,0.005269295979899142,0.015249366262685103,8956.0,4166.0,0.995,-2.1166469473065037
6300185,6400185,0.004965083417085044,0.01456488153316308,8554.0,4039.0,0.995,-2.131627200836541
6400185,6500185,0.0038526422110550214,0.011908672135017914,6994.0,3490.0,0.995,-2.187568303407246
6500185,6600185,0.004733780402009679,0.014440584554916543,8481.0,4138.0,0.995,-2.1739301617221325
6600185,6700185,0.004518407035175498,0.015222123089370793,8940.0,4562.0,0.995,-2.274183846305248
6700185,6800185,0.005144659296481967,0.016543416995114798,9716.0,4862.0,0.995,-2.228519407223555
6800185,6900185,0.0049768753768840235,0.016385066050225376,9623.0,4693.0,0.995,-2.251908278957876
6900185,7000185,0.004488922110552471,0.012351373701375441,7254.0,3323.0,0.995,-2.0585284553372207
7000185,7100185,0.0032782703517586277,0.010570351245952465,6208.0,2980.0,0.995,-2.2306411132362163
7100185,7200185,0.00474150351758756,0.015290231022656567,8980.0,4372.0,0.995,-2.2312757454412675
7200185,7300185,0.004161234673366486,0.015004177702856319,8812.0,4632.0,0.995,-2.3372111122067434
7300185,7400185,0.004361961306532266,0.01594747257886428,9366.0,4867.0,0.995,-2.3496314733864185
7400185,7500185,0.0038668758793967135,0.013207830962444043,7757.0,3977.0,0.995,-2.287135186135376
7500185,7600185,0.004393969346733355,0.013774829507048107,8090.0,4087.0,0.995,-2.2024147693251166
7600185,7700185,0.004351646733667966,0.015434960380888835,9065.0,4786.0,0.995,-2.3223807021798932
7700185,7800185,0.003153193969849052,0.011159484868874405,6554.0,3474.0,0.995,-2.3199140105346143
7800185,7900185,0.0009739969849246419,0.003379856189306931,1985.0,1016.0,0.995,-2.2980242293349264
7900185,8000185,0.0033269638190953047,0.01062313489424894,6239.0,3059.0,0.995,-2.22081078652002
8000185,8100185,0.004382547738693175,0.013211236359108331,7759.0,3704.0,0.995,-2.1611497332368415
8100185,8200185,0.005090250753768378,0.016631957308386305,9768.0,4876.0,0.995,-2.244460049379767
8200185,8300185,0.004390201005024731,0.0161824449487002,9504.0,5190.0,0.995,-2.3568494019773927
8300185,8400185,0.0038479899497484336,0.014636394863113142,8596.0,4648.0,0.995,-2.38385796025078
8400185,8500185,0.004071311557788633,0.014677259623084606,8620.0,4507.0,0.995,-2.337019965178424
8500185,8600185,0.005168110050250834,0.01610412082542156,9458.0,4785.0,0.995,-2.1963441942967736
8600185,8700185,0.004967217587939278,0.01621479621701094,9523.0,4791.0,0.995,-2.2435072628439556
8700185,8800185,0.004651474371858951,0.014484854711552296,8507.0,4277.0,0.995,-2.1955509021697464
8800185,8900185,0.005227803517587532,0.016151796378721602,9486.0,4635.0,0.995,-2.1874578487185845
8900185,9000185,0.004720562311557398,0.015215312296042217,8936.0,4484.0,0.995,-2.2307831013120554
9000185,9100185,0.0041486085427132665,0.013618181260490829,7998.0,3908.0,0.995,-2.24880141711623
9100185,9200185,0.004016912060301255,0.0121385364098574,7129.0,3380.0,0.995,-2.1636443976735293
9200185,9300185,0.004765094974873967,0.015280014832663702,8974.0,4471.0,0.995,-2.225611004827228
9300185,9400185,0.004518842713567451,0.016424228111864694,9646.0,4987.0,0.995,-2.3444507273067825
9400185,9500185,0.004587648241205668,0.015147204362756442,8896.0,4585.0,0.995,-2.2546456179672325
9500185,9600185,0.004628460301507136,0.016099012730425126,9455.0,4788.0,0.995,-2.304429968925568
9600185,9700185,0.003819733668341413,0.013914450770283943,8172.0,4315.0,0.995,-2.346244400423989
9700185,9800185,0.003785380904522392,0.010919404404042054,6413.0,3116.0,0.995,-2.112581819417101
9800185,9900185,0.0022947773869346363,0.006628604607038326,3893.0,1801.0,0.995,-2.1131261716920893
9900185,10000185,0.004812093467336302,0.015189771821060051,8921.0,4202.0,0.995,-2.209605279644071
10000185,10100185,0.005446571356783585,0.015186366424395763,8919.0,4306.0,0.995,-2.0742525712575386
10100185,10200185,0.004756546231155395,0.01527150134100298,8969.0,4617.0,0.995,-2.226858556663751
10200185,10300185,0.005170868341708121,0.01635101208358249,9603.0,4761.0,0.995,-2.2114872353643245
10300185,10400185,0.005164890452260916,0.015496257520846032,9101.0,4496.0,0.995,-2.1562601202173606
10400185,10500185,0.004049746733668048,0.013730559350412355,8064.0,4114.0,0.995,-2.280160757395942
10500185,10600185,0.005728470854271076,0.014569989628159512,8557.0,4124.0,0.995,-1.962563976676841
10600185,10700185,0.004911217587939352,0.01371353236709091,8054.0,3729.0,0.995,-2.0758173322158453
10700185,10800185,0.004098731658291217,0.011564727071924758,6792.0,3208.0,0.995,-2.087602008695571
10800185,10900185,0.0043894165829142864,0.012492697662943421,7337.0,3351.0,0.995,-2.0975964961818456
10900185,11000185,0.004033645728642953,0.0126493459095007,7429.0,3586.0,0.995,-2.202638183209748
11000185,11100185,0.0011879331658291817,0.003997935683875325,2348.0,1206.0,0.995,-2.269911986752064
11100185,11200185,0.004289726633165475,0.013917856166948232,8174.0,4231.0,0.995,-2.237251487817295
11200185,11300185,0.004858759296481981,0.01661833572172915,9760.0,5103.0,0.995,-2.2887017165753525
11300185,11400185,0.004541844723617725,0.014765799936356112,8672.0,4392.0,0.995,-2.2393462751104747
11400185,11500185,0.0029689577889446,0.010229811579523598,6008.0,3006.0,0.995,-2.294969747648753
11500185,11600185,0.0039428638190951906,0.013710126970426622,8052.0,4142.0,0.995,-2.3039493351206994
11600185,11700185,0.0037549572864319213,0.012853669709358022,7549.0,3822.0,0.995,-2.2891684034985778
11700185,11800185,0.0037400874371856974,0.012238995611453916,7188.0,3447.0,0.995,-2.2455822935651097
11800185,11900185,0.003258683417085281,0.010221298087862877,6003.0,2912.0,0.995,-2.2025356033124646
11900185,12000185,0.004050390452261029,0.013064804302543918,7673.0,3590.0,0.995,-2.231330033330537
12000185,12100185,0.0036117356783917313,0.011547700088603315,6782.0,3241.0,0.995,-2.222281934889227
12100185,12200185,0.0028513648241205026,0.009272895116858481,5446.0,2595.0,0.995,-2.238956789453186
12200185,12300185,0.0022541366834170425,0.008089519776018166,4751.0,2417.0,0.995,-2.331929386814254
12300185,12400185,0.003982282914572614,0.01266467019449,7438.0,3602.0,0.995,-2.2170028443994703
12400185,12500185,0.0016042708542713686,0.005453742757858733,3203.0,1707.0,0.995,-2.2807190676675284
12500185,12600185,0.0038801487437183204,0.01307331779420464,7678.0,3782.0,0.995,-2.2740961613747266
12600185,12700185,0.0045510417085423485,0.015169339441074318,8909.0,4306.0,0.995,-2.2638813906180224
12700185,12800185,0.004218836683416755,0.013686289193776601,8038.0,3983.0,0.995,-2.237115991575127
12800185,12900185,0.0036250120603012483,0.013192506677454745,7748.0,3894.0,0.995,-2.3453229730788268
12900185,13000185,0.004024651256281082,0.014454206141573698,8489.0,4327.0,0.995,-2.3335969416386244
13000185,13100185,0.0044606934673363545,0.014675556924752461,8619.0,4159.0,0.995,-2.2511055067223165
13100185,13200185,0.003909075376884153,0.013298073974047694,7810.0,3823.0,0.995,-2.283307143255863
13200185,13300185,0.003672313065326405,0.011734996905139192,6892.0,3374.0,0.995,-2.221755702680678
13300185,13400185,0.0037146060301504816,0.013873586010312479,8148.0,4191.0,0.995,-2.368131511327531
13400185,13500185,0.0042316175879393665,0.01405066663685549,8252.0,4109.0,0.995,-2.2600603730159747
13500185,13600185,0.0044242597989946515,0.013994477591894726,8219.0,3945.0,0.995,-2.2116260505129004
13600185,13700185,0.0046989422110548865,0.015479230537524587,9091.0,4437.0,0.995,-2.2524281672365913
13700185,13800185,0.004940729648240834,0.014236260755059222,8361.0,3997.0,0.995,-2.1116842449461726
13800185,13900185,0.00428089798994947,0.013180587789129734,7741.0,3760.0,0.995,-2.1835925875980693
13900185,14000185,0.0039314919597986855,0.013773126808715962,8089.0,3977.0,0.995,-2.310879776163474
14000185,14100185,0.003916201507537448,0.01207553657156806,7092.0,3356.0,0.995,-2.185023823910257
14100185,14200185,0.004191732663316294,0.013531343645551468,7947.0,3632.0,0.995,-2.232163949835531
14200185,14300185,0.0032755989949747044,0.010744026475831187,6310.0,3055.0,0.995,-2.2476824531381885
14300185,14400185,0.0035402386934671364,0.012140239108189545,7130.0,3478.0,0.995,-2.2907652310349214
14400185,14500185,0.0037710095477384285,0.013056290810883197,7668.0,3648.0,0.995,-2.2998753888676102
14500185,14600185,0.003843604522612826,0.012245806404782492,7192.0,3362.0,0.995,-2.2187966176239655
14600185,14700185,0.005013840703517314,0.0124841841712827,7332.0,3167.0,0.995,-1.93507361802985
14700185,14800185,0.003945252261306254,0.012760021301090083,7494.0,3748.0,0.995,-2.2339967211805862
14800185,14900185,0.004237840703517275,0.013114182554176105,7702.0,3711.0,0.995,-2.1888853004805635
14900185,15000185,0.00389027587939673,0.01288091288267233,7565.0,3628.0,0.995,-2.2571962577502407
15000185,15100185,0.004025116582914281,0.013490478885580004,7923.0,3671.0,0.995,-2.269067097362066
15100185,15200185,0.004162281407034839,0.01516593404441003,8907.0,4240.0,0.995,-2.346567758406244
15200185,15300185,0.0030633919597988397,0.01045456775936665,6140.0,2889.0,0.995,-2.2859752405526472
15300185,15400185,0.0041619477386931735,0.013398533175644208,7869.0,3691.0,0.995,-2.2294098937689983
15400185,15500185,0.00447332512562778,0.014852637551295473,8723.0,4270.0,0.995,-2.2600895550187197
15500185,15600185,0.004204868341708253,0.01344620872894425,7897.0,3599.0,0.995,-2.2226534246608467
15600185,15700185,0.005232409547738273,0.01646168747517187,9668.0,4414.0,0.995,-2.2062797055110086
15700185,15800185,0.004909553266331269,0.015443473872549558,9070.0,4140.0,0.995,-2.2060455452670116
15800185,15900185,0.00445781206030116,0.01451380058319875,8524.0,4058.0,0.995,-2.240778368553088
15900185,16000185,0.004639284422110241,0.011869510073378595,6971.0,3031.0,0.995,-1.9697994123247744
16000185,16100185,0.004790224120602672,0.014563178834830935,8553.0,4076.0,0.995,-2.1703300639623446
16100185,16200185,0.004509494974874061,0.013890612993633922,8158.0,3863.0,0.995,-2.184127225948952
16200185,16300185,0.0043908040201001974,0.013441100633947817,7894.0,3608.0,0.995,-2.1775318431205815
16300185,16400185,0.0044904281407031855,0.014774313428016833,8677.0,4016.0,0.995,-2.251175454401015
16400185,16500185,0.0036113246231153527,0.012029563716600161,7065.0,3261.0,0.995,-2.262966613895845
16500185,16600185,0.003907471356783611,0.014030234256869757,8240.0,4036.0,0.995,-2.3333577509623216
16600185,16700185,0.0039045929648237943,0.014987150719534876,8802.0,4431.0,0.995,-2.3915729672165353
16700185,16800185,0.004311037688441824,0.015588203230781826,9155.0,4581.0,0.995,-2.339781906392172
16800185,16900185,0.002721953266331569,0.009213300675233429,5411.0,2640.0,0.995,-2.277926750648226
16900185,17000185,0.0027008884422109877,0.008997057987051098,5284.0,2496.0,0.995,-2.2624925119287935
17000185,17100185,0.0035764643216078373,0.011508538026963996,6759.0,3202.0,0.995,-2.2287457074233434
17100185,17200185,0.004088432663316318,0.012969453195943836,7617.0,3659.0,0.995,-2.2144634485356636
17200185,17300185,0.003713891959798751,0.012693616066136454,7455.0,3622.0,0.995,-2.287700833106208
17300185,17400185,0.003911618592964582,0.012777048284411526,7504.0,3650.0,0.995,-2.24384370671459
17400185,17500185,0.0043624306532659834,0.014917340087916958,8761.0,4299.0,0.995,-2.2883621865792527
17500185,17600185,0.004177161809044917,0.01461596248312741,8584.0,4144.0,0.995,-2.309830511197789
17600185,17700185,0.0038236733668338785,0.014352044241645037,8429.0,4085.0,0.995,-2.372466279450597
17700185,17800185,0.004752066331657918,0.015766986555656982,9260.0,4410.0,0.995,-2.259470219367088
17800185,17900185,0.0042374758793966485,0.014503584393205883,8518.0,4131.0,0.995,-2.2892099485952166
17900185,18000185,0.004737033668341317,0.015353230860945907,9017.0,4164.0,0.995,-2.2363374153024775
18000185,18100185,0.004605985929647889,0.014415044079934377,8466.0,3957.0,0.995,-2.200721116383691
18100185,18200185,0.00455301608040168,0.013968937116912562,8204.0,3869.0,0.995,-2.1799451506848064
18200185,18300185,0.004717092964823688,0.01633909319525748,9596.0,4717.0,0.995,-2.30056478034415
18300185,18400185,0.00474761055276348,0.014786232316341843,8684.0,3809.0,0.995,-2.1957160733709076
18400185,18500185,0.005814832663316285,0.01848789849042363,10858.0,4845.0,0.995,-2.217174848779304
18500185,18600185,0.007331126130653234,0.01835849341718066,10782.0,4154.0,0.995,-1.9428501345267555
18600185,18700185,0.004654490954773671,0.00940230019010145,5522.0,1804.0,0.995,-1.63262608352487
18700185,18800185,0.0,0.0,0.0,0.0,0.0,
18800185,18900185,1.748190954773869e-05,8.683761493937466e-05,51.0,37.0,0.46,-2.378099823495294
18900185,19000185,0.005733599497487302,0.010711675207520446,6291.0,1908.0,0.995,-1.5027128495770183
19000185,19100185,0.006408245728643122,0.015569473549128238,9144.0,3421.0,0.995,-1.9030533958071527
19100185,19200185,0.0062797718592962955,0.017229604422968968,10119.0,4130.0,0.995,-2.055533211917487
19200185,19300185,0.0035654648241204303,0.009923325879737618,5828.0,2525.0,0.995,-2.0715737325498695
19300185,19400185,0.005682467336683127,0.015802743220632014,9281.0,4039.0,0.995,-2.07125858098659
19400185,19500185,0.004658521105527325,0.013924666960276808,8178.0,3637.0,0.995,-2.1520861871410726
19500185,19600185,0.002925390452261183,0.01070145901752758,6285.0,3059.0,0.995,-2.3495715958298375
19600185,19700185,0.003733084924622849,0.013155047314147569,7726.0,3822.0,0.995,-2.316220865324381
19700185,19800185,0.004025024120602721,0.01399618029022687,8220.0,4028.0,0.995,-2.304000592114567
19800185,19900185,0.0037548748743715934,0.013246993024083362,7780.0,3774.0,0.995,-2.3172807002105142
19900185,20000185,0.004765770351758434,0.015336203877624464,9007.0,4216.0,0.995,-2.2291680651985493
20000185,20100185,0.003608697989949523,0.011973374671639399,7032.0,3437.0,0.995,-2.259113356970391
20100185,20200185,0.004207710050250909,0.014290747101687842,8393.0,4229.0,0.995,-2.2818550213775213
20200185,20300185,0.0038697070351756554,0.01188313166003575,6979.0,3313.0,0.995,-2.1806728770061974
20300185,20400185,0.0041529874371856595,0.013437695237283529,7892.0,3661.0,0.995,-2.234497758826614
20400185,20500185,0.004113195979899227,0.012271346879764658,7207.0,3284.0,0.995,-2.1498682859928606
20500185,20600185,0.004647942211054966,0.013759505222058809,8081.0,3663.0,0.995,-2.141570968023836
20600185,20700185,0.004149952763818832,0.012560805596229196,7377.0,3429.0,0.995,-2.1654157680490624
20700185,20800185,0.004225775376884135,0.012783859077740102,7508.0,3418.0,0.995,-2.164901027539114
20800185,20900185,0.004785410050250872,0.015431554984224547,9063.0,4315.0,0.995,-2.2312690659520578
20900185,21000185,0.0043638085427132245,0.015252771659349391,8958.0,4243.0,0.995,-2.308896302822244
21000185,21100185,0.003542803015075194,0.0103796490327523,6096.0,2715.0,0.995,-2.1297805083250436
21100185,21200185,0.004949935678391602,0.014389503604952213,8451.0,3773.0,0.995,-2.1215807195502476
21200185,21300185,0.0043977748743715675,0.013160155409144001,7729.0,3583.0,0.995,-2.1532388662981186
21300185,21400185,0.004179064824120393,0.011414889618696057,6704.0,2928.0,0.995,-2.04978273857041
21400185,21500185,0.0042509417085424125,0.014064288223512644,8260.0,3812.0,0.995,-2.256561387237381
21500185,21600185,0.004366971859296119,0.014999069607859886,8809.0,4296.0,0.995,-2.2925432012683786
21600185,21700185,0.004805665326632734,0.016439552396853994,9655.0,4670.0,0.995,-2.288851768942599
21700185,21800185,0.004797860804019703,0.016236931295328817,9536.0,4476.0,0.995,-2.278594301172553
21800185,21900185,0.0036503929648239153,0.011614105323556945,6821.0,3284.0,0.995,-2.21731009228393
21900185,22000185,0.004241974371858945,0.015162528647745742,8905.0,4375.0,0.995,-2.3293695111615196
22000185,22100185,0.004543897487436814,0.015193177217724339,8923.0,4326.0,0.995,-2.2669264233990796
22100185,22200185,0.004330559296482062,0.015351528162613762,9016.0,4289.0,0.995,-2.3218612874707487
22200185,22300185,0.005213314572863936,0.016276093356968137,9559.0,4499.0,0.995,-2.1983396090009055
22300185,22400185,0.00506023919597951,0.015300447212649433,8986.0,4126.0,0.995,-2.1645719237825713
22400185,22500185,0.004396091457286078,0.014653421846434585,8606.0,4112.0,0.995,-2.2638769460711
22500185,22600185,0.004689287437185553,0.01555414926413894,9135.0,4311.0,0.995,-2.2591701859956483
22600185,22700185,0.00515853366834133,0.015520095297496053,9115.0,4100.0,0.995,-2.1592421656717686
22700185,22800185,0.004791833668341357,0.01454955724817378,8545.0,3882.0,0.995,-2.168975252781008
22800185,22900185,0.004916332160803613,0.016284606848628858,9564.0,4601.0,0.995,-2.257865768519549
22900185,23000185,0.003906558793969609,0.01332020905236557,7823.0,3774.0,0.995,-2.285500128401439
23000185,23100185,0.004661695477386554,0.015608635610767557,9167.0,4295.0,0.995,-2.2682951766018853
23100185,23200185,0.0047233090452257825,0.014736854064709657,8655.0,4027.0,0.995,-2.1975659350346284
23200185,23300185,0.0038917618090449635,0.01294731811762596,7604.0,3614.0,0.995,-2.2618415380462062
23300185,23400185,0.004190374371858971,0.014171558218437737,8323.0,3992.0,0.995,-2.27779198975288
23400185,23500185,0.00439371507537657,0.014037045050198335,8244.0,3939.0,0.985,-2.22176765286517
23500185,23600185,0.004151272864321336,0.013008615257583156,7640.0,3557.0,0.995,-2.2019145638650977
23600185,23700185,0.0007819115577889485,0.002795830661381423,1642.0,850.0,0.995,-2.32436244720334
23700185,23800185,0.0026003396984924047,0.007982249781093074,4688.0,2262.0,0.995,-2.179587092044121
23800185,23900185,0.004372467336683064,0.015230636581031515,8945.0,4426.0,0.995,-2.3057111325013318
23900185,24000185,0.0028235236180903555,0.0103796490327523,6096.0,2954.0,0.995,-2.3538468739821403
24000185,24100185,0.003451172361808838,0.011895050548360759,6986.0,3474.0,0.995,-2.295510214396312
24100185,24200185,0.003645297487436935,0.013660748718794436,8023.0,3974.0,0.995,-2.3710277196205047
24200185,24300185,0.0033424376884420063,0.01240926544466835,7288.0,3567.0,0.995,-2.3627878599947905
24300185,24400185,0.0037600195979897036,0.01219302275648602,7161.0,3462.0,0.995,-2.236564594280952
24400185,24500185,0.0049086155778890455,0.015567770850796093,9143.0,4378.0,0.995,-2.2144585363128217
24500185,24600185,0.004912408542713195,0.014862853741288339,8729.0,3877.0,0.995,-2.1652154255712506
24600185,24700185,0.004504103015075038,0.014365665828302192,8437.0,3958.0,0.995,-2.2201015939752695
24700185,24800185,0.005177468844220731,0.015514987202499619,9112.0,3867.0,0.995,-2.1549406889851386
24800185,24900185,0.0028663412060300647,0.008959598623743922,5262.0,2243.0,0.995,-2.198723628384964
24900185,25000185,0.003837633668341461,0.012341157511382575,7248.0,3338.0,0.995,-2.228214325293358
25000185,25100185,0.00573017035175854,0.01664557889504346,9776.0,4094.0,0.99,-2.120930669789209
25100185,25200185,0.005533006532663067,0.01416815282177345,8321.0,3312.0,0.995,-1.9710880295200994
25200185,25300185,0.0018204231155778967,0.006575820958741851,3862.0,1772.0,0.995,-2.337269018087237
25300185,25400185,0.0038553497487434354,0.013294668577383404,7808.0,3810.0,0.995,-2.296132152798294
25400185,25500185,0.005102118592964425,0.01542474419089597,9059.0,4235.0,0.995,-2.1644191547498575
25500185,25600185,0.005388508040200699,0.015991742735500032,9392.0,4213.0,0.995,-2.144468062852048
25600185,25700185,0.005698942211055002,0.015864040360589207,9317.0,3976.0,0.995,-2.0723974840166277
25700185,25800185,0.004755406532662925,0.015325987687631598,9001.0,4090.0,0.995,-2.2306844045537537
25800185,25900185,0.0053765668341704785,0.016989523958136615,9978.0,4461.0,0.995,-2.210808579504485
25900185,26000185,0.005091620100502073,0.01633568779859319,9594.0,4433.0,0.995,-2.2262171316726223
26000185,26100185,0.005302735175878979,0.017062739986418822,10021.0,4638.0,0.995,-2.2292004242285044
26100185,26200185,0.004904444723617684,0.01553882497914964,9126.0,4058.0,0.995,-2.2134249288250967
26200185,26300185,0.005245985427135288,0.016121147808743002,9468.0,4157.0,0.995,-2.181817924740227
26300185,26400185,0.0049649552763814785,0.016563849375100533,9728.0,4428.0,0.995,-2.2648512310574507
26400185,26500185,0.004590384422110231,0.014527422169855904,8532.0,3780.0,0.995,-2.2121974557430812
26500185,26600185,0.004981655778894092,0.015293636419320855,8982.0,3722.0,0.995,-2.180713415977357
26600185,26700185,0.004364178391959509,0.013138020330826125,7716.0,3272.0,0.995,-2.159685728813358
26700185,26800185,0.005167916582914188,0.015547338470810362,9131.0,3843.0,0.995,-2.159175870711219
26800185,26900185,0.0037123944723615864,0.01227645497476109,7210.0,3227.0,0.995,-2.255896751336787
26900185,27000185,0.004573249246230842,0.013514316662230024,7937.0,3408.0,0.995,-2.1396029468486124
27000185,27100185,0.004613229648240883,0.013813991568687426,8113.0,3271.0,0.995,-2.154011359173334
27100185,27200185,0.005075860301507151,0.01477771882468112,8679.0,3741.0,0.995,-2.123278786275278
27200185,27300185,0.004760305025125277,0.014343530749984316,8424.0,3752.0,0.995,-2.160768030386095
27300185,27400185,0.004635405527637868,0.013408749365637075,7875.0,3348.0,0.995,-2.1159860458585804
27400185,27500185,0.005400268341708225,0.014959907546220565,8786.0,3640.0,0.995,-2.0666878444648002
27500185,27600185,0.005646913567838933,0.01477771882468112,8679.0,3595.0,0.995,-1.9983021868598903
27600185,27700185,0.005844448241205821,0.01536174435260663,9022.0,3623.0,0.995,-2.0037397086053708
27700185,27800185,0.005768892964823887,0.014920745484581246,8763.0,3416.0,0.995,-1.9837191474763696
27800185,27900185,0.0063103829145726795,0.016007067020489332,9401.0,3759.0,0.995,-1.9592447487769067
27900185,28000185,0.006077903015075192,0.014988853417867019,8803.0,3405.0,0.995,-1.9227301977464002
28000185,28100185,0.0061217587939696606,0.014650016449770296,8604.0,3405.0,0.995,-1.882693708231969
28100185,28200185,0.00442905577889426,0.009986325718026958,5865.0,2379.0,0.995,-1.799304016034536
28200185,28300185,0.004563382412060107,0.009816055884812524,5765.0,2136.0,0.995,-1.7301599107792056
28300185,28400185,0.005765216582914426,0.011465970568660387,6734.0,2316.0,0.995,-1.6077344316646403
28400185,28500185,0.004973512562813855,0.00911113877530477,5351.0,2176.0,0.995,-1.46823168375338
28500185,28600185,0.004632316582914441,0.0069674415751350485,4092.0,1588.0,0.96,-1.0832725446060034
28600185,28700185,0.005100660301507384,0.007847736612853672,4609.0,1761.0,0.995,-1.1315717379720862
28700185,28800185,0.006657004522612981,0.011101593125581498,6520.0,2398.0,0.995,-1.2945813273768074
28800185,28900185,0.005234375879396821,0.009140084646951223,5368.0,2041.0,0.995,-1.3815506841319547
28900185,29000185,0.006424049246231067,0.012858777804354455,7552.0,2685.0,0.995,-1.6182871474887033
29000185,29100185,0.006558754773869253,0.013059696207547485,7670.0,2648.0,0.995,-1.6098014125397162
29100185,29200185,0.004044118592964684,0.00846751880575421,4973.0,1728.0,0.995,-1.6888366008666293
29200185,29300185,0.005899947236180757,0.012082347364896636,7096.0,2487.0,0.995,-1.6546791609483655
29300185,29400185,0.0055361824120600985,0.012938804625965238,7599.0,2820.0,0.995,-1.850197614168635
29400185,29500185,0.002151453266331641,0.005140446264744175,3019.0,1019.0,0.995,-1.878673558047606
29500185,29600185,0.0003176758793969861,0.0012634021624513036,742.0,356.0,0.995,-2.4072913499354356
29600185,29700185,0.0005348608040200951,0.0018678600703626441,1097.0,532.0,0.985,-2.29961870499512
29700185,29800185,0.0003589919597989948,0.001355347872387113,796.0,352.0,0.965,-2.365100919704614
29800185,29900185,0.00019326984924623107,0.000996078524304598,585.0,285.0,0.995,-2.5876656835790293
29900185,30000185,0.002567290954773835,0.0058947416258841165,3462.0,1245.0,0.995,-1.824142840101652
30000185,30100185,0.0056933512562812,0.014747070254702524,8661.0,3157.0,0.995,-1.9855474251250536
30100185,30200185,0.005634823618090197,0.01448655740988444,8508.0,3396.0,0.995,-1.9761413090275992
30200185,30300185,0.006168474371859139,0.01599004003716789,9391.0,3577.0,0.995,-1.986589582283478
30300185,30400185,0.006256118090452152,0.015681851639049765,9210.0,3439.0,0.995,-1.9439746904140098
30400185,30500185,0.005820045226130399,0.01671198412999709,9815.0,3948.0,0.995,-2.107964908485737
30500185,30600185,0.006242673366834036,0.01584190528227133,9304.0,3491.0,0.995,-1.9597652727523043
30600185,30700185,0.006552985427135539,0.01763144122935503,10355.0,4119.0,0.995,-2.032302043694652
30700185,30800185,0.006748084422110413,0.018024764544080373,10586.0,4304.0,0.995,-2.0235443204362467
30800185,30900185,0.005052883417085094,0.014449098046577265,8486.0,3324.0,0.995,-2.103131480841751
30900185,31000185,0.006173125628140556,0.016138174792064447,9478.0,3650.0,0.995,-1.997119116979639
31000185,31100185,0.004970053768843919,0.01358753269051223,7980.0,3345.0,0.995,-2.0510625090302215
31100185,31200185,0.0035961090452259845,0.009206489881904851,5407.0,2205.0,0.995,-1.9702354784822416
31200185,31300185,0.004057474874371607,0.01187121277171074,6972.0,2938.0,0.995,-2.128466095637211
31300185,31400185,0.003251191959798859,0.00985010985145541,5785.0,2447.0,0.995,-2.1660860933968427
31400185,31500185,0.004710727638190603,0.014936069769570544,8772.0,3787.0,0.995,-2.2141316682893257
31500185,31600185,0.00432944572864294,0.012899642564325919,7576.0,3305.0,0.995,-2.1485180449897268
31600185,31700185,0.0038211547738690927,0.012439914014646947,7306.0,3442.0,0.995,-2.240492464294021
31700185,31800185,0.002920324623115475,0.008765491013879469,5148.0,2264.0,0.995,-2.1558665717209644
31800185,31900185,0.002156264824120581,0.00573128258599826,3366.0,1426.0,0.995,-2.0156814510136973
31900185,32000185,0.003906328140703285,0.0116124026252248,6820.0,2928.0,0.995,-2.1458912191228277
32000185,32100185,0.006059252763818867,0.016568957470096964,9731.0,3972.0,0.995,-2.0515389349165565
32100185,32200185,0.0015054552763819331,0.004474691216875739,2628.0,1112.0,0.995,-2.1434353841807905
32200185,32300185,0.004468754271356495,0.013030750335901032,7653.0,3201.0,0.995,-2.1248787095924833
32300185,32400185,0.003019972864321507,0.007990763272753795,4693.0,1990.0,0.995,-2.0109475571373654
32400185,32500185,6.278894472361809e-06,3.575666497503658e-05,21.0,11.0,0.08,-2.2232697256102383
32500185,32600185,2.2819095477386933e-06,2.3837776650024388e-05,14.0,10.0,0.025,-2.2714080053534547
32600185,32700185,4.97638190954774e-06,1.5324284989301392e-05,9.0,3.0,0.1,-1.5351351207931563
32700185,32800185,0.0025948190954773547,0.007476548376446205,4391.0,1803.0,0.995,-2.110604097801297
32800185,32900185,0.006052614070351484,0.017462874094472742,10256.0,4298.0,0.995,-2.1133663572664676
32900185,33000185,0.005960930150753539,0.0170235779247795,9998.0,4207.0,0.995,-2.101832835815758
33000185,33100185,0.003635994472361599,0.011719672620149892,6883.0,3080.0,0.995,-2.2304516139892927
33100185,33200185,0.0042094371859293265,0.013570505707190787,7970.0,3589.0,0.995,-2.2308396033805606
33200185,33300185,0.004265703517587649,0.01334404682901559,7837.0,3430.0,0.995,-2.200157311063281
33300185,33400185,0.003032274371859187,0.009320570670158523,5474.0,2433.0,0.995,-2.181297479003356
33400185,33500185,0.0044465266331655574,0.012644237814504267,7426.0,3120.0,0.995,-2.096623764102953
33500185,33600185,0.005343250753768499,0.015128474681102854,8885.0,3887.0,0.995,-2.0918977799481095
33600185,33700185,0.005686167336683112,0.01683457840991148,9887.0,4098.0,0.995,-2.141896150559687
33700185,33800185,0.005685708040200706,0.01691290253319012,9933.0,4092.0,0.995,-2.147047830467928
33800185,33900185,0.0031312758793968754,0.00885232862881883,5199.0,2068.0,0.995,-2.089409123806747
33900185,34000185,0.004319122110552506,0.012153860694846698,7138.0,2939.0,0.995,-2.0845865048361967
34000185,34100185,0.00463322010050224,0.012221968628132473,7178.0,2904.0,0.995,-2.0078914305180966
34100185,34200185,0.0032156316582913212,0.009725812873208874,5712.0,2402.0,0.995,-2.164246925241731
34200185,34300185,0.004619436180904228,0.013582424595515797,7977.0,3262.0,0.995,-2.1340997085107705
34300185,34400185,0.004541490452261005,0.01346153301393355,7906.0,3390.0,0.995,-2.142936614806289
34400185,34500185,0.0050642683417081585,0.014803259299663286,8694.0,3796.0,0.995,-2.127729901018074
34500185,34600185,0.004422123618090138,0.013682883797112314,8036.0,3490.0,0.995,-2.1888198388177624
34600185,34700185,0.0021855984924622836,0.006506010327123933,3821.0,1669.0,0.995,-2.1462320060988427
34700185,34800185,0.003995113065326405,0.011677105161846285,6858.0,2991.0,0.995,-2.1273398569742796
34800185,34900185,0.0042812180904519504,0.014307774085009285,8403.0,3739.0,0.995,-2.2663741701916447
34900185,35000185,0.003907619095477138,0.012220265929800328,7177.0,3176.0,0.995,-2.1997324588105167
35000185,35100185,0.005231293969848911,0.01489861040626337,8750.0,3764.0,0.995,-2.0985606532745296
35100185,35200185,0.005726509547738423,0.014917340087916958,8761.0,3679.0,0.995,-1.9926224096585818
35200185,35300185,0.00493782864321569,0.015068880239477804,8850.0,3824.0,0.995,-2.174390227366526
35300185,35400185,0.004539168844220795,0.014083017905166232,8271.0,3654.0,0.995,-2.1916738677660805
35400185,35500185,0.0045062783919595185,0.013403641270640641,7872.0,3265.0,0.995,-2.146714713203419
35500185,35600185,0.00585233165829121,0.016543416995114798,9716.0,3980.0,0.995,-2.090165594120152
35600185,35700185,0.0040559547738691125,0.011292295338781665,6632.0,2679.0,0.995,-2.07216833340811
35700185,35800185,0.003271015577889305,0.010177027931227123,5977.0,2615.0,0.995,-2.194126002173788
35800185,35900185,0.003441824120602851,0.01089386392905989,6398.0,2722.0,0.995,-2.211925222204121
35900185,36000185,0.0038917819095475414,0.010570351245952465,6208.0,2426.0,0.995,-2.0429684688831884
36000185,36100185,0.005089216080401699,0.012691913367804309,7454.0,2994.0,0.995,-1.937145128983557
36100185,36200185,0.0054749904522610575,0.013246993024083362,7780.0,3042.0,0.995,-1.8973543394228807
36200185,36300185,0.004576864824120319,0.01267658908281501,7445.0,3073.0,0.995,-2.06627944754491
36300185,36400185,0.004903791959798698,0.01345812761726926,7904.0,3263.0,0.995,-2.0555994856100113
36400185,36500185,0.004315468844220879,0.011087971538924343,6512.0,2610.0,0.995,-1.9750576801479875
36500185,36600185,0.002520282412060254,0.007299467749903195,4287.0,1806.0,0.995,-2.116342033408539
36600185,36700185,0.0015174251256281487,0.004375934713611368,2570.0,1006.0,0.995,-2.1099901128320124
36700185,36800185,0.0035188623115576445,0.009701975096558854,5698.0,2279.0,0.995,-2.0605625045466955
36800185,36900185,0.004943089447235854,0.013129506839165403,7711.0,3247.0,0.995,-2.0163967254767012
36900185,37000185,0.004357503517587664,0.012783859077740102,7508.0,3234.0,0.995,-2.1315783355518456
37000185,37100185,0.005176393969848953,0.012831534631040144,7536.0,3006.0,0.995,-1.9292968588309827
37100185,37200185,0.004779080904522327,0.012184509264825297,7156.0,2701.0,0.995,-1.9654070700026214
37200185,37300185,0.0038748356783917864,0.01082745869410626,6359.0,2606.0,0.995,-2.076335110607804
37300185,37400185,0.0041461874371857286,0.00963386716327308,5658.0,2546.0,0.995,-1.8417233719911934
37400185,37500185,0.0021427130653265975,0.007406737744828288,4350.0,2113.0,0.995,-2.297316793804533
37500185,37600185,0.0034617643216078705,0.010357513954434423,6083.0,2600.0,0.995,-2.152717168283074
37600185,37700185,0.004046760301507304,0.011939320704996512,7012.0,3038.0,0.995,-2.137681118102589
37700185,37800185,0.0038640361809042833,0.011866104676714305,6969.0,2882.0,0.995,-2.1807051652252256
37800185,37900185,0.005439369346733352,0.015416230699235247,9054.0,3462.0,0.995,-2.0930749364638483
37900185,38000185,0.004608799497487148,0.013676073003783736,8032.0,3318.0,0.995,-2.144155107673508
38000185,38100185,0.003056316080401927,0.007999276764414517,4698.0,1851.0,0.995,-1.9975628151269318
38100185,38200185,0.00278912914572857,0.007326710923217504,4303.0,1794.0,0.995,-2.0018905187807428
38200185,38300185,0.00481232010050218,0.014472935823227286,8500.0,3529.0,0.995,-2.1587522013240426
38300185,38400185,0.004420518090451941,0.01396042362525184,8199.0,3361.0,0.995,-2.2099958056190547
38400185,38500185,0.004493960804019878,0.011314430417099541,6645.0,2372.0,0.995,-1.9492629849633787
38500185,38600185,0.004718335678391671,0.012553994802900618,7373.0,2861.0,0.995,-2.018423052812463
38600185,38700185,0.004229255276381657,0.01206361768324305,7085.0,2609.0,0.995,-2.1000694616124655
38700185,38800185,0.004194876884421858,0.013056290810883197,7668.0,2814.0,0.995,-2.194887502323728
38800185,38900185,0.004563610552763541,0.012758318602757938,7493.0,3084.0,0.995,-2.0771267557505366
38900185,39000185,0.004337874371859041,0.011670294368517707,6854.0,2824.0,0.995,-2.0317186366834896
39000185,39100185,0.005548306532663148,0.010861512660749147,6379.0,2432.0,0.995,-1.5817674745033385
39100185,39200185,0.003892542713567675,0.00937846241345143,5508.0,2075.0,0.995,-1.891230510074145
39200185,39300185,0.0031433311557787966,0.008092925172682456,4753.0,1831.0,0.995,-1.9771198395197112
39300185,39400185,0.0008167452261306598,0.0026664255881384538,1566.0,669.0,0.995,-2.2381077272966508
39400185,39500185,0.0012902763819095837,0.0038668279123002113,2271.0,874.0,0.995,-2.1517571848943557
39500185,39600185,0.0001369939698492459,0.0005227283879683935,307.0,124.0,0.895,-2.35270685118165
39600185,39700185,0.0004064693467336669,0.00136896945904427,804.0,339.0,0.995,-2.2621310476400085
39700185,39800185,0.0004991321608040181,0.0015937256388873602,936.0,381.0,0.995,-2.211556363268918
39800185,39900185,0.0008005557788944786,0.002714101141438495,1594.0,610.0,0.995,-2.274829564958689
39900185,40000185,0.0012856020100502883,0.004382745506939945,2574.0,1083.0,0.995,-2.2825898585404722
40000185,40100185,0.0010571959798995154,0.003335586032671178,1959.0,808.0,0.995,-2.2050843278333296
40100185,40200185,0.0011597472361809303,0.0034496668209248486,2026.0,838.0,0.995,-2.1431178066452223
40200185,40300185,0.0018601527638190854,0.005380526729576527,3160.0,1237.0,0.995,-2.11407700438522
40300185,40400185,0.00103770150753771,0.0038685306106323552,2272.0,863.0,0.995,-2.3630737460340554
40400185,40500185,0.0010827100502512853,0.003810638867339448,2238.0,883.0,0.995,-2.3117004056120867
40500185,40600185,0.0023917150753768554,0.007170062676660225,4211.0,1552.0,0.995,-2.1541182659802445
40600185,40700185,0.00224298442211052,0.006812496026909914,4001.0,1480.0,0.995,-2.167970374041189
40700185,40800185,0.002455682914572833,0.007241576006610287,4253.0,1718.0,0.995,-2.1362365811752744
40800185,40900185,0.00229293015075374,0.0062727406556201595,3684.0,1528.0,0.995,-2.050462654656651
40900185,41000185,0.002030398492462302,0.006577523657073996,3863.0,1721.0,0.995,-2.234325540626517
41000185,41100185,0.003332060301507425,0.008183168184286105,4806.0,1887.0,0.995,-1.9164303496477815
41100185,41200185,0.00283828090452254,0.006780144758599171,3982.0,1496.0,0.995,-1.879100849564901
41200185,41300185,0.00439027587939678,0.010396676016073744,6106.0,2204.0,0.995,-1.8680220851486822
41300185,41400185,0.004692478391959572,0.011123728203899374,6533.0,2665.0,0.995,-1.8695138992311657
41400185,41500185,0.004153542713567661,0.010061244444641309,5909.0,2420.0,0.995,-1.8985331520824162
41500185,41600185,0.005219373366833939,0.012043185303257316,7073.0,2434.0,0.995,-1.832283911618421
41600185,41700185,0.004617684422110304,0.011448943585338944,6724.0,2580.0,0.995,-1.929424283387332
41700185,41800185,0.00523674170854243,0.012771940189415094,7501.0,2828.0,0.995,-1.9079239634497358
41800185,41900185,0.0042266768844219016,0.010263865546166484,6028.0,2480.0,0.995,-1.901874287936776
41900185,42000185,0.004226488442210806,0.011881428961703605,6978.0,3003.0,0.995,-2.0834178379771093
42000185,42100185,0.005912958291457103,0.012724264636115052,7473.0,2724.0,0.995,-1.7310912565230998
42100185,42200185,0.005381163819095281,0.011024971700635003,6475.0,2180.0,0.995,-1.6552960579025784
42200185,42300185,0.005065070854271093,0.011382538350385314,6685.0,2464.0,0.995,-1.7947111061508814
42300185,42400185,0.004422204020100316,0.00986543413644471,5794.0,2120.0,0.995,-1.7839599256186172
42400185,42500185,0.005488910552763654,0.010347297764441557,6077.0,1853.0,0.995,-1.518189101813842
42500185,42600185,0.004745033165828917,0.010645269972566816,6252.0,2143.0,0.995,-1.792184329852333
42600185,42700185,0.00579097688442194,0.011666888971853417,6852.0,2382.0,0.995,-1.6286140653047978
42700185,42800185,0.005505011055276213,0.010543108072638157,6192.0,1929.0,0.995,-1.5451287669781675
42800185,42900185,0.0053879909547737085,0.009540218755005141,5603.0,1928.0,0.995,-1.4071994672041497
42900185,43000185,0.00577234924623099,0.010754242665824055,6316.0,2351.0,0.995,-1.4979170302660532
43000185,43100185,0.003761581909547629,0.007481656471442639,4394.0,1568.0,0.995,-1.607268471232437
43100185,43200185,0.0006139959798994928,0.001576698655565914,926.0,369.0,0.995,-1.9659808834947878
43200185,43300185,0.003947419095477256,0.0074305755214783085,4364.0,1540.0,0.995,-1.515241791539696
43300185,43400185,0.0052288090452259515,0.009701975096558854,5698.0,1756.0,0.995,-1.4907116467851997
43400185,43500185,0.005228264824120408,0.010231514277855742,6009.0,1846.0,0.995,-1.58113592173426
43500185,43600185,0.004697328140703317,0.009415921776758604,5530.0,1835.0,0.995,-1.62023437832673
43600185,43700185,0.004756001507537526,0.008814869265511654,5177.0,1612.0,0.995,-1.4886494900176497
43700185,43800185,0.005448124623115401,0.010830864090770548,6361.0,2085.0,0.995,-1.6069991771385752
43800185,43900185,0.004009041206030009,0.008968112115404644,5267.0,1607.0,0.995,-1.7877604382813532
43900185,44000185,0.004346043216080259,0.008421545950786313,4946.0,1374.0,0.995,-1.564497009086638
44000185,44100185,0.006164699497487358,0.012370103383029029,7265.0,2149.0,0.995,-1.622225762245081
44100185,44200185,0.00530383768844194,0.013081831285865363,7683.0,2707.0,0.995,-1.9227756095876345
44200185,44300185,0.005533609045225928,0.01278215637940796,7507.0,2450.0,0.995,-1.8338774431119305
44300185,44400185,0.006066464824120504,0.01273958892110435,7482.0,2133.0,0.995,-1.6939334783392415
44400185,44500185,0.006939037688442232,0.01332872254402629,7828.0,1943.0,0.995,-1.550334125257852
44500185,44600185,0.005623159296482223,0.011752023888460635,6902.0,2159.0,0.995,-1.6864265641012306
44600185,44700185,0.003005773366834125,0.005634228781066033,3309.0,953.0,0.995,-1.5074795236290617
44700185,44800185,0.0032478045226129923,0.006168876057359355,3623.0,1123.0,0.995,-1.53029024335974
44800185,44900185,0.003512334170854169,0.006553685880423975,3849.0,1248.0,0.995,-1.499861304600914
44900185,45000185,0.004269264824120451,0.008460708012425633,4969.0,1591.0,0.995,-1.6015633451215963
45000185,45100185,0.0048340115577887146,0.010553324262631022,6198.0,1915.0,0.995,-1.7523533494489603
45100185,45200185,0.004216457788944569,0.009027706557029697,5302.0,1588.0,0.995,-1.7230303236175757
45200185,45300185,0.0038176542713566765,0.007633196623003485,4483.0,1479.0,0.995,-1.6158216153694829
45300185,45400185,0.004423658291457118,0.008930652752097468,5245.0,1608.0,0.995,-1.6315946039232119
45400185,45500185,0.00253698090452259,0.005710850206012528,3354.0,1285.0,0.995,-1.795897980741941
45500185,45600185,0.004506939698492272,0.008838707042161675,5191.0,1750.0,0.995,-1.5844584424195323
45600185,45700185,0.004359928643215939,0.007490169963103361,4399.0,1498.0,0.995,-1.3508938017671668
45700185,45800185,0.0025426206030150617,0.004081367902150398,2397.0,773.0,0.995,-1.217634823875737
45800185,45900185,0.003721737688442097,0.006717144920309831,3945.0,1323.0,0.995,-1.4412983154795838
45900185,46000185,0.0020095005025125593,0.003739125537389386,2196.0,684.0,0.995,-1.4936923636883868
46000185,46100185,0.0029503437185929154,0.00502466277815836,2951.0,1004.0,0.995,-1.3337690320729787
46100185,46200185,0.0037807326633164775,0.006919766021835008,4064.0,1410.0,0.995,-1.4662299707874469
46200185,46300185,0.003993756783919464,0.007292656956574617,4283.0,1596.0,0.995,-1.4621978187826294
46300185,46400185,0.002874522613065281,0.004709663586711658,2766.0,939.0,0.995,-1.2587695817188747
46400185,46500185,0.005196715075376732,0.00840111357080058,4934.0,1699.0,0.995,-1.233087940015703
46500185,46600185,0.0035994919597988847,0.006432794298841727,3778.0,1366.0,0.995,-1.4234871997123564
46600185,46700185,0.0036586884422109456,0.0071564410900030705,4203.0,1508.0,0.995,-1.579813588934343
46700185,46800185,0.002576511055276351,0.004772663425000998,2803.0,983.0,0.995,-1.4865444202541598
46800185,46900185,0.003462727638190886,0.005966254955834179,3504.0,1162.0,0.995,-1.356030448679515
46900185,47000185,0.002444407035175871,0.004392961696932811,2580.0,715.0,0.995,-1.4327479338687683
47000185,47100185,0.004583758291457112,0.008315978654193364,4884.0,1503.0,0.995,-1.4508888611001334
47100185,47200185,0.004398807035175733,0.00805887120603957,4733.0,1550.0,0.995,-1.4681879203598727
47200185,47300185,0.004177777386934544,0.00806738469770029,4738.0,1705.0,0.995,-1.5586212706113158
47300185,47400185,0.004371271859296348,0.00794138502112161,4664.0,1515.0,0.995,-1.4532710979175167
47400185,47500185,0.0036731286432159656,0.006570712863745418,3859.0,1266.0,0.995,-1.4252629704663755
47500185,47600185,0.0037791402010049113,0.007118981726695895,4181.0,1339.0,0.995,-1.5164193902056247
47600185,47700185,0.001674907537688449,0.002966100494595857,1742.0,533.0,0.995,-1.4049073896347521
47700185,47800185,0.004513921608040036,0.008048655016046702,4727.0,1565.0,0.995,-1.4197110965052337
47800185,47900185,0.0029180035175878903,0.00602584939745923,3539.0,1336.0,0.995,-1.6667319465946882
47900185,48000185,0.001731081407035181,0.0037118823640750766,2180.0,757.0,0.99,-1.7231346047394596
48000185,48100185,0.003584700502512456,0.0069657388768029046,4091.0,1182.0,0.995,-1.5688583378488214
48100185,48200185,0.0023999472361808947,0.005421391489547991,3184.0,1172.0,0.995,-1.8007995766658567
48200185,48300185,0.002276439698492444,0.004719879776704524,2772.0,975.0,0.995,-1.6723955927893064
48300185,48400185,0.004008666331658175,0.007479953773110494,4393.0,1402.0,0.995,-1.5001203539327603
48400185,48500185,0.0030297085427134973,0.006918063323502863,4063.0,1548.0,0.995,-1.8166815320411764
48500185,48600185,0.0016844291457286497,0.004013259968864624,2357.0,846.0,0.995,-1.8740535987875648
48600185,48700185,0.0025019206030150475,0.0052392027680085475,3077.0,1067.0,0.995,-1.6880841443150931
48700185,48800185,0.0006039723618090412,0.0015647797672409015,919.0,359.0,0.995,-1.9769814719442325
48800185,48900185,0.004012586432160677,0.007164954581663792,4208.0,1485.0,0.995,-1.4221254432699486
48900185,49000185,0.0024687522613065023,0.0052409054663406915,3078.0,1169.0,0.995,-1.709034551695598
49000185,49100185,0.00214026532663315,0.004035395047182501,2370.0,799.0,0.995,-1.5166972324313714
49100185,49200185,0.0018327819095477378,0.0035211801508749107,2068.0,776.0,0.995,-1.5481378203164402
49200185,49300185,0.002177814070351748,0.003854909023975201,2264.0,803.0,0.995,-1.404915080307369
49300185,49400185,0.0025378015075376513,0.005208554198029949,3059.0,990.0,0.995,-1.6567325078793644
49400185,49500185,0.0025124321608039823,0.005675093541037497,3333.0,1198.0,0.995,-1.8008158610957201
49500185,49600185,0.0020291497487437103,0.00431804297031846,2536.0,788.0,0.995,-1.7121418857934712
49600185,49700185,0.0032289155778893563,0.0070321441117565334,4130.0,1549.0,0.995,-1.7481153993814174
49700185,49800185,0.002981069346733606,0.005855579564244797,3439.0,1097.0,0.995,-1.5863612701487728
49800185,49900185,0.003221741206030044,0.00739992695149971,4346.0,1480.0,0.995,-1.8251132808048403
49900185,50000185,0.003962326633165696,0.00800438485941095,4701.0,1358.0,0.995,-1.6324462373247286
50000185,50100185,0.004731059296482237,0.008714410063915138,5118.0,1718.0,0.995,-1.4777791308239516
50100185,50200185,0.00409638542713554,0.008029925334393114,4716.0,1700.0,0.995,-1.5835715519240212
50200185,50300185,0.004249032663316416,0.0086360859406365,5072.0,1742.0,0.995,-1.6422957780212266
50300185,50400185,0.0025384663316582613,0.005843660675919787,3432.0,1147.0,0.995,-1.8277590932723013
50400185,50500185,0.003888080904522461,0.00890340957878316,5229.0,1795.0,0.995,-1.8211692904269836
50500185,50600185,0.002734972361809002,0.005869201150901952,3447.0,1245.0,0.995,-1.7256836287518524
50600185,50700185,0.00429442512562799,0.008934058148761758,5247.0,1700.0,0.995,-1.678971950561387
50700185,50800185,0.002903111557788886,0.005802795915948323,3408.0,1130.0,0.995,-1.6147908059533627
50800185,50900185,0.0029312939698492046,0.005392445617901537,3167.0,1032.0,0.995,-1.4747241545105592
50900185,51000185,0.0032048246231155177,0.005521850691144507,3243.0,1176.0,0.995,-1.3558737360990492
51000185,51100185,0.002241836180904499,0.003977503303889593,2336.0,931.0,0.99,-1.4092551511855809
51100185,51200185,0.0025225437185929355,0.005118311186426298,3006.0,1147.0,0.995,-1.6385642815734096
51200185,51300185,0.002898218592964774,0.0055150398978159295,3239.0,1230.0,0.995,-1.533195848598337
51300185,51400185,0.003229587437185862,0.005816417502605477,3416.0,1166.0,0.995,-1.4371977885836984
51400185,51500185,0.002936207035175834,0.005600174814423146,3289.0,1033.0,0.995,-1.5371243208969092
51500185,51600185,0.003982676884421985,0.006506010327123933,3821.0,1307.0,0.995,-1.2535052684880506
51600185,51700185,0.0032896130653265595,0.005930498290859148,3483.0,1345.0,0.995,-1.4390431473118646
51700185,51800185,0.0028783959798994512,0.005210256896362093,3060.0,1172.0,0.995,-1.4460377370553514
51800185,51900185,0.0019839070351758714,0.004745420251686689,2787.0,1108.0,0.995,-1.8799425809161772
51900185,52000185,0.001850309045226136,0.003749341727382252,2202.0,931.0,0.995,-1.635532338483902
52000185,52100185,0.0007640597989949764,0.002273102273413064,1335.0,667.0,0.99,-2.1408001130747323
52100185,52200185,0.0005959743718592904,0.0019819408586163336,1164.0,604.0,0.995,-2.2539104245429384
52200185,52300185,0.0007221447236180906,0.0022475617984308947,1320.0,633.0,0.995,-2.1885357417072155
52300185,52400185,0.00033828994974874474,0.0009773488426510074,574.0,265.0,0.995,-2.0990187264036195
52400185,52500185,0.0007321658291457263,0.0019512922886377306,1146.0,520.0,0.99,-2.0136046322718446
52500185,52600185,5.180251256281404e-05,0.0001719725315466047,101.0,50.0,0.95,-2.164367301654212
52600185,52700185,0.00029935527638191134,0.0012191320058155435,716.0,391.0,0.99,-2.4257140206621837
52700185,52800185,0.000542185929648237,0.0019427787969770074,1141.0,562.0,0.975,-2.3234253441813313
52800185,52900185,0.0006509175879396898,0.002259480686755907,1327.0,722.0,0.995,-2.2956945721530615
52900185,53000185,0.0001358628140703514,0.0005244310863005381,308.0,166.0,0.95,-2.362408560559369
53000185,53100185,0.000643953266331654,0.0017503738854446652,1028.0,461.0,0.995,-2.036282704058652
53100185,53196522,0.0002510893631719857,0.0009862313226867074,558.0,325.0,0.975,-2.3923179537987
