start,stop,fay_wu_h,normalized_fay_wu_h,zeng_e
185,100185,-0.00011387278573526144,-0.11551041590935236,-2.194693191094699
100185,200185,-0.00011896703523755661,-0.12899724146941902,-2.328688404389654
200185,300185,0.00027276514009521663,0.1284479647296908,-2.230012005836266
300185,400185,6.483200333379506e-05,0.06719119362870173,-1.9960530834060295
400185,500185,0.0004578193592493792,0.3047170063709913,-2.0202482151735133
500185,600185,0.0012114671336715995,0.21787797705390463,-2.1380226971999816
600185,700185,0.0005133885438961943,0.1826458659202279,-2.189790101673242
700185,800185,0.001464292298746785,0.2580478298560625,-2.2367063627038593
800185,900185,0.0010730692682710083,0.197160558783949,-2.1702803057904787
900185,1000185,0.0005807635276394343,0.31815299671691727,-2.367051699204502
1000185,1100185,-0.00013814826371587254,-0.0272967586716602,-2.113331509466222
1100185,1200185,0.001215995237829757,0.29003748266745516,-2.329284046454171
1200185,1300185,0.00043999291108557146,0.15606331856727862,-2.2758771681884777
1300185,1400185,0.0005548525761336763,0.222845067757774,-2.2691630478477736
1400185,1500185,0.0007072889933869127,0.32396892748206535,-2.170352666617793
1500185,1600185,0.0016625248508946374,0.2890532261439814,-2.2510333563297844
1600185,1700185,0.0008943524055148615,0.1495739446767425,-2.187417873744705
1700185,1800185,0.001315580265393162,0.2810857910158464,-2.408045862513925
1800185,1900185,0.0007644133537240545,0.27185450687953794,-2.322265209378791
1900185,2000185,0.0019454925874926139,0.2997865735505098,-2.3740003870327433
2000185,2100185,0.0007579132777288408,0.15950775793383376,-2.283773970219071
2100185,2200185,0.0005266369370303689,0.284138178771142,-2.339665819487279
2200185,2300185,0.00038118283238103973,0.26834705270776216,-2.318786844000994
2300185,2400185,0.0007503565601031143,0.2821192323023402,-2.2947108844031696
2400185,2500185,0.0005811578396435787,0.18117977433167834,-2.2659583250712627
2500185,2600185,0.0011616472384598682,0.2676889078091394,-2.3371404321670504
2600185,2700185,0.0013794747591804359,0.27716304926890056,-2.3546455935403356
2700185,2800185,0.0008772764856462005,0.29132529828830994,-2.4239781296975393
2800185,2900185,0.0008034240001907544,0.2024815656388806,-2.272423817917399
2900185,3000185,0.0012896712152665882,0.3200473740091857,-2.4764727411277456
3000185,3100185,0.00021448602326381623,0.18938819795300443,-2.408969425941378
3100185,3200185,0.00039208677580555444,0.13429558239289952,-2.2971656312589235
3200185,3300185,0.00046865428162378033,0.2386425193483144,-2.2380076334733126
3300185,3400185,0.0008879323055306415,0.3300798368442984,-2.376811528953721
3400185,3500185,0.0002633402815376712,0.2562812529465809,-2.351470536048317
3500185,3600185,-0.0001658547918216192,-0.033620154717936036,-2.1150944438448445
3600185,3700185,0.0008115581138590851,0.2026965563779199,-2.189143641290732
3700185,3800185,0.0007295949174158409,0.15553805182089533,-2.325300571847458
3800185,3900185,0.0012571328959674888,0.27576670757296495,-2.3833954600645972
3900185,4000185,0.0010756582811307952,0.2502558907571025,-2.2929020401971463
4000185,4100185,0.0012691843421279464,0.24242155579190025,-2.29452568225059
4100185,4200185,0.001274129457861997,0.2573011299999609,-2.1222068310628033
4200185,4300185,0.0011051335106907112,0.2996101834442171,-2.3081541853423766
4300185,4400185,-5.744540396351745e-05,-0.019645265457332698,-2.0859838061154368
4400185,4500185,0.0003135577523197524,0.17007221051633575,-2.1557707490364004
4500185,4600185,0.0007468091631868222,0.14682751562165072,-2.0745179526301736
4600185,4700185,0.0014686835627585487,0.34176334129737884,-2.266230257153649
4700185,4800185,0.000418191763859545,0.15567110592013175,-2.262037908121912
4800185,4900185,0.0009879954454035892,0.29114151471404853,-2.104831882622789
4900185,5000185,0.0006238384656396977,0.24878889278588048,-2.264723477284239
5000185,5100185,0.0006351121806214103,0.19891498594859208,-2.288470113917979
5100185,5200185,0.0010998250300022284,0.3086745610628253,-2.45536421948632
5200185,5300185,0.001180794782414455,0.27849117483611613,-2.1386632891957964
5300185,5400185,0.0008590662433647768,0.2199156373068351,-2.3429079277105744
5400185,5500185,0.001427147685860602,0.2980494829913648,-2.3675160283687418
5500185,5600185,0.0012289203562034841,0.2157822072206413,-2.3827149939607297
5600185,5700185,0.0010914679781888197,0.2724618047120746,-2.367589016998359
5700185,5800185,0.0017462789958933996,0.2757032797193139,-2.229994834277582
5800185,5900185,0.00036474594145059194,0.25925367336882255,-2.2798538058310793
5900185,6000185,0.00034218459980080656,0.23727696910740473,-2.17351635963061
6000185,6100185,0.0004715697000048828,0.18435554876097685,-2.280128310937718
6100185,6200185,0.00046572732945774834,0.18371580039043958,-2.2782642299976934
6200185,6300185,0.0007822157182175876,0.22867533487460015,-2.106690065083427
6300185,6400185,0.0006491126471828963,0.362793948526997,-2.3214385855819986
6400185,6500185,0.0005058178981550374,0.25659720341150605,-2.3764543490630525
6500185,6600185,0.0006791496147701929,0.24270327995499238,-2.331853503579131
6600185,6700185,0.0005147962032384133,0.15523283296281576,-2.247927159267697
6700185,6800185,0.0013983831896162003,0.2805535496598148,-2.3016475112770993
6800185,6900185,0.0003399743743124308,0.08751518927426538,-1.9597617508187053
6900185,7000185,0.00016372614381421612,0.10398741915521145,-2.1508806900862107
7000185,7100185,0.0001322211654699986,0.1752164467374557,-2.352276122602266
7100185,7200185,0.0007488686889947096,0.23608033442452986,-2.2718738867138466
7200185,7300185,0.001334977400567219,0.3225894921224615,-2.463038618230841
7300185,7400185,0.00045145848001494393,0.07888506139978306,-2.1627928220593597
7400185,7500185,0.00015984015166608715,0.15428141341701054,-2.1508989587774177
7500185,7600185,0.00034041609413708876,0.1617573402022298,-2.237119880160942
7600185,7700185,0.0004926745340579177,0.20698147024902327,-2.300362279012806
7700185,7800185,9.24011693448223e-05,0.14435973479067882,-2.18713645117984
7800185,7900185,4.692603090901759e-05,0.24268764188221695,-2.425632549560499
7900185,8000185,0.0002514325841789855,0.3490104428648681,-2.408260397353667
8000185,8100185,0.0002534322047093154,0.1698081233786727,-2.225511728871969
8100185,8200185,0.0008971860180409486,0.16124247373910616,-2.3218657129641023
8200185,8300185,0.00155831463956723,0.2748055734225559,-2.2930346117915645
8300185,8400185,0.0005868904324693226,0.23181047938616595,-2.2478265956210572
8400185,8500185,0.0002868340187313937,0.12714592912640077,-2.154682347881305
8500185,8600185,0.001380710883294086,0.2945447956439636,-2.4479506626367544
8600185,8700185,0.0009468546392580255,0.24969995685770802,-2.3059624788857116
8700185,8800185,0.0006757586896016595,0.31779201334947427,-2.341807994224584
8800185,8900185,0.0011437851277292365,0.2856659433039158,-2.2998914209269867
8900185,9000185,0.0008614536035424236,0.3603156667633375,-2.5286861389698085
9000185,9100185,0.00016447521382358812,0.11233487531804853,-2.207406540808499
9100185,9200185,0.00016598752308551109,0.15801918284861335,-2.2778928906488685
9200185,9300185,0.00034053625167086867,0.1801702620902138,-2.1485158476925736
9300185,9400185,0.0009466986203401477,0.22848372226812977,-2.273065204709642
9400185,9500185,0.0013687667917196263,0.3164609077518155,-2.2367841577063117
9500185,9600185,0.0012554909770893252,0.3269623058668973,-2.3509229509019582
9600185,9700185,0.0005799488438947638,0.2519353607659759,-2.4473798717759947
9700185,9800185,0.00019792152169115904,0.19825144647812262,-2.2737229424994396
9800185,9900185,0.00016593956938172903,0.45568213896974663,-2.3066347904930833
9900185,10000185,0.0005066782307826214,0.32366469493639116,-2.345808776262532
10000185,10100185,0.00106152921202709,0.3770953255160633,-2.293205747781837
10100185,10200185,0.0006623192657606365,0.21222710520891483,-2.3059707864789614
10200185,10300185,0.0009166249593775856,0.21768512131725784,-2.2826132646526447
10300185,10400185,0.0007542365547046375,0.18917141547075644,-2.313851778773586
10400185,10500185,0.00024389267953001475,0.11343931917490001,-2.272557433524333
10500185,10600185,0.001144731012588819,0.22733856204442524,-2.1343690115014
10600185,10700185,0.0005243201090082566,0.28581897795810207,-2.287825314444061
10700185,10800185,0.00033455549818747635,0.32280859993922745,-2.2375255265383363
10800185,10900185,0.00033692972187872143,0.28777438198927885,-2.149694644450569
10900185,11000185,0.00021144133161824584,0.11389523432912788,-2.223657852932403
11000185,11100185,5.9631030962496204e-05,0.25675180090066674,-2.4870681786945807
11100185,11200185,0.0002722093473723963,0.11567267300543613,-2.235740085533748
11200185,11300185,0.0009842711196253963,0.2432910454924357,-2.2424424399457084
11300185,11400185,0.000789184641697077,0.3138676187090731,-2.3861367527853434
11400185,11500185,0.00022668888930054115,0.22208863362401618,-2.406513953385776
11500185,11600185,0.00027898901102562035,0.16673618503775944,-2.3977037244177386
11600185,11700185,0.0005595784079643053,0.3499250013302833,-2.439625048617859
11700185,11800185,0.0005083838630637362,0.34793164662457066,-2.4359465754952936
11800185,11900185,0.0002469065489091648,0.22867693714663068,-2.3397275552891093
11900185,12000185,0.0004897229886225602,0.2637456993513916,-2.3392765506462707
12000185,12100185,0.0002912969159050892,0.2351757450994715,-2.3376422744596113
12100185,12200185,0.0002129600993848752,0.24973337903892154,-2.4341049987327597
12200185,12300185,0.00019016558495147813,0.24271967314130402,-2.4007532254176223
12300185,12400185,0.00042195552244849214,0.2848918687594247,-2.3499962027736925
12400185,12500185,0.00010093514717632773,0.22250136152483774,-2.4769575027944035
12500185,12600185,0.0005062864297499005,0.30208200562622645,-2.5091672197901893
12600185,12700185,0.00023329504878860405,0.08512568405948702,-2.2873940515130173
12700185,12800185,0.0006475729897755093,0.282431077858941,-2.4258966660847197
12800185,12900185,0.0003461474098419776,0.1974624380177337,-2.3054634424471296
12900185,13000185,0.0005445510238115801,0.22797629176850728,-2.4129124769104933
13000185,13100185,0.0006669562429129514,0.3330003297256851,-2.4621983368331817
13100185,13200185,0.00033244546365471744,0.2171357593630831,-2.374914226855204
13200185,13300185,0.0003728524899909167,0.25720648393804885,-2.4886684397969305
13300185,13400185,0.0004922387966449881,0.25620993495595223,-2.4184849796837082
13400185,13500185,0.0005022907195636232,0.2712557989311536,-2.404706755460177
13500185,13600185,0.0007274300429064048,0.3771051542938958,-2.305085990908502
13600185,13700185,0.0007832641468210636,0.3397923095647227,-2.481088252826303
13700185,13800185,0.000589524452934268,0.19062151238298577,-2.331152328222263
13800185,13900185,0.00041865131039207877,0.24591938082237444,-2.326670861795503
13900185,14000185,0.0005921300446586439,0.27408167467208905,-2.555410804735245
14000185,14100185,0.0003457928791761749,0.2623415941693697,-2.3646374708152016
14100185,14200185,0.0005353303571258647,0.36484455302553737,-2.3709622850867484
14200185,14300185,0.00033142081316214013,0.3067489286425982,-2.441719713777452
14300185,14400185,0.0003716769283982109,0.3086081190478656,-2.451513801338218
14400185,14500185,0.00044648409089697195,0.29941555760021576,-2.5000301550016997
14500185,14600185,0.0003537679712588089,0.2545653822566161,-2.335020529403401
14600185,14700185,0.0005913029715506696,0.3511155009108619,-2.2599235512897056
14700185,14800185,0.0005495802158103748,0.2964777669268549,-2.4942249161662975
14800185,14900185,0.0004916378951580589,0.24738107190052355,-2.3065247304271197
14900185,15000185,0.00030256568552676613,0.19011336857134517,-2.395285103375823
15000185,15100185,0.0006451240088174781,0.33653657137612125,-2.4756822659979107
15100185,15200185,0.0005537759914849127,0.2261275734604219,-2.4121000354273234
15200185,15300185,0.0002195712954751234,0.26284699817797996,-2.3179211136308133
15300185,15400185,0.0004609846144610561,0.26505017729866504,-2.4573718433525014
15400185,15500185,0.00047233574792107186,0.17615615592871164,-2.3212447866631436
15500185,15600185,0.00017581043368719096,0.12677054070009552,-2.3150148590559243
15600185,15700185,0.0007089010872774185,0.24748875127497766,-2.3106962283119756
15700185,15800185,0.0007032184245317304,0.3193497193010254,-2.3548555574074577
15800185,15900185,0.0005235077596886643,0.2503908642998854,-2.3984460643380636
15900185,16000185,0.0003565113635675366,0.3005577865877529,-2.352093290500701
16000185,16100185,0.0008251460803446694,0.2930916504350313,-2.448343347162706
16100185,16200185,0.0007150061876264164,0.3368130419183579,-2.3857945505104685
16200185,16300185,0.0004246836639066411,0.24878981972490719,-2.3317996647199286
16300185,16400185,0.0006813586150868062,0.29430704509067235,-2.43679980332411
16400185,16500185,0.00046261044812674276,0.35599923692153096,-2.386603349269968
16500185,16600185,0.0005913288164525256,0.3179841605995667,-2.4218547406832385
16600185,16700185,0.00031965912249369945,0.12459918122920198,-2.2973154472177173
16700185,16800185,0.0004431213303914001,0.17560070564870248,-2.3884574663566402
16800185,16900185,0.00022640172232331812,0.27499397401600933,-2.3814969233010537
16900185,17000185,0.00019733806153035508,0.2645705457791959,-2.3315188779611065
17000185,17100185,0.0003146779624385441,0.2502432268084943,-2.3398917299721522
17100185,17200185,0.00037853276825841104,0.2310809122626465,-2.378584906193605
17200185,17300185,0.00025577167782489475,0.24709313794583174,-2.3806647507492333
17300185,17400185,0.00012728876957427226,0.09055651552021597,-2.180216009356017
17400185,17500185,0.0004374510640589595,0.23963967648812096,-2.307929622021905
17500185,17600185,0.0004980952100906644,0.2597545022532329,-2.430137885544554
17600185,17700185,0.0004899792066475866,0.2596171931490787,-2.478333725809524
17700185,17800185,0.0007106229942258976,0.27044970996275247,-2.372180656885706
17800185,17900185,0.0005239492938217058,0.26420775185562045,-2.351064434950578
17900185,18000185,8.237031481988693e-05,0.03457085536499816,-2.207981490966924
18000185,18100185,0.0005925387952818433,0.28129643044498465,-2.3473753747051624
18100185,18200185,0.0006495207279342879,0.3214325709477006,-2.35643692747867
18200185,18300185,0.00039396960797264557,0.12066025723842957,-2.3013742423152417
18300185,18400185,0.0002609693649578953,0.14395029555024644,-2.251299136304364
18400185,18500185,0.0011674483119409411,0.27052598490321017,-2.222753302708337
18500185,18600185,0.0010291220583266909,0.3099699485975317,-2.1572955376187855
18600185,18700185,0.00019660780316151593,0.25547836971231447,-1.9030668909451494
18700185,18800185,0.0,,
18800185,18900185,2.3045718965437334e-06,0.0964724819743261,-1.775151981755723
18900185,19000185,0.0002662348369086955,0.3493014290523964,-1.898892954024641
19000185,19100185,0.0006498024390171323,0.24550975574150616,-2.171293245518169
19100185,19200185,0.0011949748036402751,0.35305896727316977,-2.374712380241087
19200185,19300185,0.000153156596234182,0.19750737244544417,-2.253437725149027
19300185,19400185,0.0005962807157598526,0.21162168446793317,-2.1896905200081016
19400185,19500185,0.0004792891431823817,0.22023697028680703,-2.2599780799417033
19500185,19600185,0.0004627023384096243,0.28138491119756104,-2.494672976421824
19600185,19700185,0.00016176781468146915,0.07669893540435634,-2.3223423840423942
19700185,19800185,0.0005264385889379581,0.22298363596260323,-2.4337463564799
19800185,19900185,0.0005223897110431768,0.2379328220741462,-2.4422103190045257
19900185,20000185,0.0005303025478045075,0.18982371688172367,-2.3007213437663463
20000185,20100185,0.00040712861829810226,0.27507330638967176,-2.427361742930002
20100185,20200185,0.0004997905108834188,0.2454371945950799,-2.357762015141103
20200185,20300185,0.0001998103720338557,0.13109363540337757,-2.18784053944307
20300185,20400185,0.00037988663868570417,0.2552542663692969,-2.4673882798707463
20400185,20500185,0.0004849098343911661,0.3512305533531058,-2.3624962991313763
20500185,20600185,0.0006735136387745358,0.3327788476629714,-2.3366963267909253
20600185,20700185,0.0003452164978245865,0.21172185997403584,-2.3451036992504966
20700185,20800185,0.0004333973414445392,0.2425690716011727,-2.3182347207572866
20800185,20900185,0.0009069243275199569,0.3213686909976899,-2.328033499085127
20900185,21000185,0.0005135221243250418,0.24173940823562276,-2.394045270082587
21000185,21100185,0.00019451244510821405,0.18826448830366085,-2.1669984488317953
21100185,21200185,0.0002718538520075376,0.12150882515224394,-2.2929143661632962
21200185,21300185,0.0004572472533805536,0.2541831667311272,-2.258231604263163
21300185,21400185,0.00023272997471645245,0.181600778520579,-2.3404756925297714
21400185,21500185,0.0006540434036903566,0.3468500899611245,-2.5148704131443362
21500185,21600185,0.0006159022262324608,0.23000659292068934,-2.3364365637170663
21600185,21700185,0.0005204712578155637,0.13701288846662268,-2.2123338082348436
21700185,21800185,0.0007768738428987014,0.22276762107988798,-2.359843658241623
21800185,21900185,0.00034712105587655955,0.2669905845482878,-2.489678608419741
21900185,22000185,0.0010150669692706997,0.3150834993713633,-2.433133056910105
22000185,22100185,0.0005540546188146736,0.22888167644333765,-2.3197902691103773
22100185,22200185,0.0006187371461077334,0.28568706390655363,-2.3553231195600093
22200185,22300185,0.000598065513066682,0.2038199134868924,-2.192535883911732
22300185,22400185,0.000357212189722325,0.14536728016630948,-2.133189129503327
22400185,22500185,0.0003037775949256136,0.14283259359953623,-2.271745682559437
22500185,22600185,0.0008189135388121277,0.303472001119815,-2.427885739751638
22600185,22700185,0.0008441157119337295,0.30993014063891083,-2.398349017500689
22700185,22800185,0.0003297585417770172,0.1955417125030529,-2.2534978971459885
22800185,22900185,0.0009426642480922414,0.2688345368018184,-2.359595873859664
22900185,23000185,0.0006290460988008082,0.33501322944511713,-2.4387965502283517
23000185,23100185,0.0008583687458289542,0.3067999609576243,-2.437483057946563
23100185,23200185,0.0008464680013410802,0.34100077593765127,-2.4653629848577827
23200185,23300185,0.000557907566185462,0.3119296193181973,-2.4990142062830683
23300185,23400185,0.000651217924784295,0.3465073613207763,-2.4501426132720865
23400185,23500185,0.00028826000011459766,0.14930250143342472,-2.312656657748249
23500185,23600185,0.0001992946158658598,0.09971207766600282,-2.1704672592623
23600185,23700185,4.2061932152712924e-05,0.2321505071145173,-2.202239760785243
23700185,23800185,0.00015685948868296247,0.26938352496667994,-2.4097018709450744
23800185,23900185,0.0008880962729682866,0.2650169125115653,-2.2794665522623845
23900185,24000185,0.00015909112438569604,0.1362818389057655,-2.3523354361985422
24000185,24100185,0.0003453965166749395,0.2524788587425747,-2.4114421046311754
24100185,24200185,0.0005437194167880672,0.28489478930597145,-2.423370155871627
24200185,24300185,0.0004917947028487352,0.28291221488591456,-2.4476742784590884
24300185,24400185,0.0004434951404184503,0.23356924924817424,-2.435110090693893
24400185,24500185,0.0005998088459984738,0.19806348226336698,-2.3671929782392804
24500185,24600185,0.00010511816207441691,0.045077410497231296,-2.048505445368441
24600185,24700185,0.00042486745769690983,0.15169404185843896,-2.1185875922567368
24700185,24800185,0.0009295308815841425,0.3509813354973588,-2.3944887736747935
24800185,24900185,0.00019529808927291317,0.258658720819034,-2.3055897218286874
24900185,25000185,0.00030116941861778844,0.16858344836473144,-2.1720955751967908
25000185,25100185,0.0014955714635057212,0.401169070555793,-2.2381053303686596
25100185,25200185,0.0005434519372666894,0.2841974821189127,-2.3236164670239168
25200185,25300185,0.00022908363384811312,0.26430149013747384,-2.497495483420347
25300185,25400185,0.0004364448631290319,0.24602092394905667,-2.428837213963417
25400185,25500185,0.0011894609225381284,0.33491954035978916,-2.3020161631761424
25500185,25600185,0.001011256031504392,0.31223107656847937,-2.2695622534204607
25600185,25700185,0.0007607755612191329,0.3133370806014355,-2.3729759663531564
25700185,25800185,0.0005258795816443345,0.2771830798437886,-2.2893474312868376
25800185,25900185,0.0006526512436935603,0.15965075882129132,-2.227349610186363
25900185,26000185,0.0008444780250897115,0.3058586894227036,-2.4388153107533235
26000185,26100185,0.0005538929097809499,0.17932704633286092,-2.320286993130022
26100185,26200185,0.0005190658518763705,0.19975133354309807,-2.2669570764688984
26200185,26300185,0.0006942837344271303,0.3468023167541889,-2.1922904065790485
26300185,26400185,0.001067888681609463,0.33584602074609254,-2.2841996702685106
26400185,26500185,0.0007655695557565033,0.29665234743020247,-2.408406528425972
26500185,26600185,0.0009771316534394603,0.3750413462098307,-2.4420713455272702
26600185,26700185,0.00023598283017320782,0.22210824755680386,-2.3184761506862395
26700185,26800185,0.0005264081778876391,0.17531793062890816,-2.1558253359918624
26800185,26900185,0.00033973297813742195,0.2958825096319526,-2.3025560866683823
26900185,27000185,0.0006938042115682666,0.37046514123942326,-2.245844481348717
27000185,27100185,0.0006104385564184557,0.29798916571472933,-2.344661869283925
27100185,27200185,0.00031645350037860494,0.13922869161331092,-2.204929387322108
27200185,27300185,0.0004889911404411618,0.3006711658577665,-2.2910563512403863
27300185,27400185,0.0004045986792134013,0.27167279427568336,-2.2719167074605204
27400185,27500185,0.0007603801236724198,0.2751828576395821,-2.3091195297477087
27500185,27600185,0.000666360659884362,0.37380327743327557,-2.253911441752746
27600185,27700185,0.001238452761671068,0.3429625536998657,-2.2721323324101848
27700185,27800185,0.0011619881192692764,0.39271661194777463,-2.3537603149012076
27800185,27900185,0.0019190865402908186,0.3520020269941361,-1.9410723250470867
27900185,28000185,0.001104187513057632,0.3855579722280676,-2.1243325531381276
28000185,28100185,0.0016410392978718489,0.37510241203503975,-2.198031325214812
28100185,28200185,0.00037754181734561633,0.32834515021277266,-2.0282777857902534
28200185,28300185,0.00024035229203670587,0.25721185065015634,-2.083246641934446
28300185,28400185,0.00015148509744761376,0.0873358279077424,-1.806360028837365
28400185,28500185,0.0002606818890484386,0.1736588094382103,-1.9464853480210973
28500185,28600185,-0.00010581941967904074,-0.15406220667877088,-1.253488092958734
28600185,28700185,0.0004616698390522648,0.26989975228196134,-1.7428610364161627
28700185,28800185,0.0005281484191636763,0.26494242960539843,-1.507721164735766
28800185,28900185,0.00025566257325002956,0.19609406302817675,-1.8311047272655174
28900185,29000185,0.0008771488502821596,0.37327008101785164,-1.7696083287479227
29000185,29100185,0.0007008703373062437,0.24261690922352527,-1.8498212769260078
29100185,29200185,0.00034153162074067117,0.5043259221794996,-2.1510723757728973
29200185,29300185,0.000905703378898852,0.472221218688432,-2.1623321788745895
29300185,29400185,0.0006833772952785285,0.3848141560946893,-2.0164153008042303
29400185,29500185,0.00024535639341327175,0.36795865664273136,-2.3069504201047675
29500185,29600185,6.144324346058874e-05,0.16018120558800153,-2.2468945427706997
29600185,29700185,0.00010380712540905391,0.19505405952330787,-2.3471966000459514
29700185,29800185,0.00012844789125847868,0.2752615972695354,-2.430943179081259
29800185,29900185,5.207514418148268e-05,0.1687410939209298,-2.3647634402448077
29900185,30000185,7.967410299803028e-05,0.12405951482182462,-2.1062122180515255
30000185,30100185,0.0008710735742881418,0.2847013750531881,-2.228012837551107
30100185,30200185,0.0006050488068136035,0.2629801579955638,-2.115818398303576
30200185,30300185,0.0007891937859263126,0.34339824753092524,-2.132688240534916
30300185,30400185,0.0012224611759361786,0.37887530254261387,-2.2935375810484833
30400185,30500185,0.0010931843258224728,0.3954256422757582,-2.351464731638318
30500185,30600185,0.000816668613847465,0.27487191391250093,-2.1181134667130186
30600185,30700185,0.0006886169713730358,0.23055374647491236,-1.8986726427275464
30700185,30800185,0.0014793883457401673,0.35450829490382135,-2.0785019199108974
30800185,30900185,0.0005426599404980282,0.2219792672670747,-2.1742863974227915
30900185,31000185,0.0007548544114299772,0.22894267755301786,-2.034516077732174
31000185,31100185,0.0002743525350236139,0.28722643068572445,-2.224394228210173
31100185,31200185,0.00023065389977132758,0.454782236642043,-2.2550491674885604
31200185,31300185,0.00028770581821450925,0.2683652434713357,-2.28206678937678
31300185,31400185,0.00016559321851817798,0.3573124183176946,-2.2516665366135973
31400185,31500185,0.0006642182122395054,0.3228949773160707,-2.404365933646772
31500185,31600185,0.0007335613769470228,0.36320045209936597,-2.3627664551529417
31600185,31700185,0.0004939982247060996,0.32821905675381946,-2.4757644941966572
31700185,31800185,0.00019507039589415016,0.34843147223029525,-2.296693381623131
31800185,31900185,2.5140483948744766e-05,0.09175004568662198,-1.9609440962579612
31900185,32000185,0.00022871174341834705,0.2802750960599147,-2.18152274368772
32000185,32100185,0.0007249446025799888,0.2168668459346642,-2.241404938707158
32100185,32200185,4.7892729654617124e-05,0.20283210198204465,-2.1913860905373
32200185,32300185,0.0005061766616024233,0.3173043294760966,-2.2840390885064896
32300185,32400185,0.00016236013947002113,0.2712255781239421,-2.243959148708714
32400185,32500185,1.9639232337657824e-06,0.11971741229694365,-1.8391589404446622
32500185,32600185,2.0628859038848203e-06,0.12579537322894235,-1.834401728362831
32600185,32700185,3.3290840882561524e-06,0.30198413737764673,-1.3821535774119473
32700185,32800185,0.00011183512646473021,0.3199785193522006,-2.4035767976880362
32800185,32900185,0.0008962499322852127,0.24850854546075815,-2.2630875200512874
32900185,33000185,0.0011012384365578403,0.33643733840212636,-2.2615029968134657
33000185,33100185,0.00023367020586597702,0.19313402402990434,-2.210223738665277
33100185,33200185,0.000480305265388201,0.20427255398733699,-2.3638221927426004
33200185,33300185,0.0004102819848760982,0.2401997729582875,-2.231499760299341
33300185,33400185,0.00023240066266636656,0.32708684607871136,-2.2933460043918767
33400185,33500185,0.0003939811256200865,0.23015765716152733,-2.276708965940633
33500185,33600185,0.0008670743548249729,0.27159097221311185,-2.2458359671723644
33600185,33700185,0.0011895377360737374,0.38132675986830583,-2.318775988411421
33700185,33800185,0.0010090182556464816,0.31128590985813237,-2.0393671301100538
33800185,33900185,0.00015868570291659436,0.2469306280838247,-2.1639444160048784
33900185,34000185,0.00025936197190650124,0.27673128183851586,-2.171038450307744
34000185,34100185,0.0003328975971555332,0.31095848375538077,-2.2156705411853257
34100185,34200185,0.00021870434652782544,0.34853767179767187,-2.3093331347761126
34200185,34300185,0.00046064393235529513,0.3469230537003579,-2.2382448354001987
34300185,34400185,0.0002139098125600628,0.14278343040495184,-2.313204504666857
34400185,34500185,0.0006676772865497584,0.26715449906040484,-2.1945456009976914
34500185,34600185,2.0307869693067502e-05,0.010060164639835441,-2.107598338431427
34600185,34700185,7.521390878422994e-05,0.18867720620774145,-2.2762060688601444
34700185,34800185,0.00024522558115894205,0.11858367097890125,-2.0960794538063476
34800185,34900185,0.000484522576168194,0.20581640844535773,-2.3493228395080203
34900185,35000185,0.0004182229881218015,0.2206763168329094,-2.357783514231192
35000185,35100185,0.0008578068973771333,0.2988835101112767,-2.259843550385636
35100185,35200185,0.000362942666499966,0.17724504178773418,-2.140732430896198
35200185,35300185,0.0007348249062962952,0.24005915977026948,-2.259400129920269
35300185,35400185,0.0005082406852917441,0.21777669826402885,-2.314263670899385
35400185,35500185,0.00045977718550464347,0.31238718622406814,-2.3383810856654077
35500185,35600185,0.0009284908325971951,0.21883384777498546,-2.124659559704823
35600185,35700185,0.0002909634530325431,0.2415084487154552,-2.362563336541351
35700185,35800185,0.00018980447764286633,0.2583207659523228,-2.218146182323013
35800185,35900185,0.0001925712290109636,0.18920797670780154,-2.334543610810688
35900185,36000185,0.00028909035867287703,0.31465796014489034,-2.298175960424209
36000185,36100185,3.0440468685283492e-05,0.023474303385421853,-1.858062930097306
36100185,36200185,0.0001239896103709539,0.08100616305351785,-2.004508849611165
36200185,36300185,0.0006235944582933975,0.36991984767473374,-2.4365340469276235
36300185,36400185,0.0008064538386364679,0.36914979673688036,-2.356938514212165
36400185,36500185,0.00010697742033073798,0.12643841347166776,-1.9888334298714623
36500185,36600185,6.636038795303673e-05,0.1470721072561206,-2.2918398390133348
36600185,36700185,7.601296755038797e-05,0.30902559568040383,-2.426077234764821
36700185,36800185,0.00018551121228721837,0.2859504565853693,-2.332043543342088
36800185,36900185,0.0005128762907163388,0.27282945806436915,-2.368102464980597
36900185,37000185,0.0005563600370858333,0.2674290206630514,-2.4069548622081007
37000185,37100185,0.0006323787361356237,0.31999392169417407,-2.3881514528807806
37100185,37200185,0.0003979053864086951,0.2660502556956463,-2.267787208720899
37200185,37300185,0.000339252157041755,0.30200636286790605,-2.3337674044222214
37300185,37400185,0.00010092434892194263,0.08227737930778219,-2.2402019509617253
37400185,37500185,4.415492094619391e-05,0.08325794583885367,-2.3395664701495615
37500185,37600185,0.0002938780555983509,0.2535911930766754,-2.310436825688775
37600185,37700185,0.00031975422859993423,0.2112810425897039,-2.2485710740891687
37700185,37800185,0.00013392362526568413,0.09361024872483803,-2.1883944975770064
37800185,37900185,0.001197752069634997,0.3576742321549922,-2.2621235405805464
37900185,38000185,0.00039083890975159845,0.30872743231706445,-2.3489843999232263
38000185,38100185,0.00015467627838764512,0.25021395210830594,-2.21697517478058
38100185,38200185,1.467049100926246e-05,0.03535108103769956,-1.8529974816329444
38200185,38300185,0.0007444600774537605,0.27229281949023865,-2.3552088959254713
38300185,38400185,0.0006017396974012265,0.2316732026788222,-2.318082392449182
38400185,38500185,0.00034684652022352495,0.2995130443139356,-2.4209517102071723
38500185,38600185,0.00018967329152101,0.10177160814510981,-2.1216800883505584
38600185,38700185,0.0001771552929114244,0.11491839911912691,-2.270478783281336
38700185,38800185,0.0003208828760569838,0.2213688702966301,-2.3572810109209357
38800185,38900185,0.000701434376085524,0.381530119663123,-2.282184341192263
38900185,39000185,0.0005768919313212663,0.41142394850969227,-2.170392821179842
39000185,39100185,0.0005315550577374252,0.40504031076480906,-2.045800078430678
39100185,39200185,0.0002100711446751117,0.27009777725242673,-2.0959154988418796
39200185,39300185,0.0004054279639032672,0.314333687662045,-2.406356981381044
39300185,39400185,0.00014039763933108954,0.3142584602982936,-2.4709372911152725
39400185,39500185,0.0001823749575563171,0.34417849282609253,-2.326949006440857
39500185,39600185,3.644484631400668e-05,0.27254915212043335,-2.2872804543072394
39600185,39700185,8.551763285800624e-05,0.2724181856653575,-2.478239784106523
39700185,39800185,0.00013040128102916794,0.3338587621683572,-2.3707151359203062
39800185,39900185,0.00024316011323266096,0.31520394326523776,-2.449532974385371
39900185,40000185,0.0002202460281385485,0.24753206831538496,-2.3802438938672963
40000185,40100185,6.114510335315741e-05,0.10042680935363972,-2.2057644616628127
40100185,40200185,0.00020111479889247516,0.33015827062917036,-2.462915659943857
40200185,40300185,0.00027594906443620935,0.30689513309323485,-2.446065402175538
40300185,40400185,0.0002015459204530197,0.3210768339066246,-2.598531746692241
40400185,40500185,0.00011991769288735883,0.1939636744794255,-2.396425224458706
40500185,40600185,0.00039750843066877124,0.3054890544859282,-2.341054545683152
40600185,40700185,0.00034039904348571434,0.29754469576954695,-2.3543136104017877
40700185,40800185,0.000425436653134273,0.357156985881638,-2.4054279735879374
40800185,40900185,0.000225800702405628,0.26907831195496973,-2.2545282719285824
40900185,41000185,0.0002868792923578997,0.30243352666896683,-2.4014211382422332
41000185,41100185,0.0004208919527241267,0.3058302309055132,-2.3254656009726493
41100185,41200185,0.0002141541996554308,0.25273144382326607,-2.147301266596777
41200185,41300185,1.155623722385248e-06,0.0007278653245448457,-2.1213138033818613
41300185,41400185,0.000237610736671113,0.129591981904201,-2.015910148216766
41400185,41500185,-0.00030350710241734165,-0.24240357178969424,-1.6175373002569728
41500185,41600185,0.0004937442380280006,0.31450156331166473,-2.0756385098639645
41600185,41700185,0.0006582870914083854,0.22240253066621554,-1.9532922001757025
41700185,41800185,0.0007437510677862464,0.43306310991549035,-2.3626248442670525
41800185,41900185,0.00025721663330307263,0.2752798872209662,-2.0542605779619323
41900185,42000185,0.0006198694417715022,0.22631461071303496,-1.9999950088114795
42000185,42100185,0.0005740080082114502,0.1946072337562814,-1.8519601321674894
42100185,42200185,0.0004776133333086897,0.4449832584316314,-2.0586658679141276
42200185,42300185,0.0006776363018097988,0.23985416539305987,-2.0898958151688958
42300185,42400185,0.0005143135586398792,0.28147923908640876,-2.126938881736431
42400185,42500185,0.0005513248834479552,0.3420574469602928,-1.5569849186386902
42500185,42600185,0.00047167384349139417,0.31644411556924684,-2.1603802849856986
42600185,42700185,0.000307940097410895,0.21285790372047125,-1.813678625715413
42700185,42800185,0.000274177108570181,0.20961956967047116,-1.7372267532875065
42800185,42900185,5.150226236159783e-05,0.04549439572378009,-1.5595497274373364
42900185,43000185,-0.00025092423494859424,-0.11698893844901707,-1.5588250332744438
43000185,43100185,0.00015213658096637379,0.27542305711913134,-2.2292691887182863
43100185,43200185,2.583503610314422e-05,0.34360857408876594,-2.264443133568324
43200185,43300185,0.00028400633011045737,0.3335782382700389,-2.008191533464451
43300185,43400185,0.0005089589291155343,0.45052964471297224,-1.9910564419119292
43400185,43500185,0.00021074597051483031,0.19666862039072128,-1.8734242171753976
43500185,43600185,-9.326585606025566e-05,-0.07122971947081928,-1.7322665870926315
43600185,43700185,0.0003016020626241192,0.26252549836086125,-1.961824328682513
43700185,43800185,0.0001643535048402555,0.11669063402601806,-1.8697210158461655
43800185,43900185,4.342824130563455e-05,0.05485509474652652,-2.019295044639358
43900185,44000185,0.0003253478283521984,0.4083038553113961,-2.140373536723669
44000185,44100185,0.0004028722643461096,0.25272764307004436,-1.9427170621868668
44100185,44200185,0.0013051754617965123,0.3358698838338436,-1.9332995935551152
44200185,44300185,0.0010095890078411307,0.25229611964343257,-2.049442731893519
44300185,44400185,0.0004054960548076343,0.1436850527579329,-2.08526763610421
44400185,44500185,0.0008330170332180346,0.2749763579484729,-1.7798044018439678
44500185,44600185,0.000371781990037391,0.269270394566898,-2.0602064376105416
44600185,44700185,0.0001455991282848525,0.4532175121885502,-2.206889923843395
44700185,44800185,0.00014294065186126333,0.2719768257140433,-2.0489799360467695
44800185,44900185,0.00016747193330113544,0.433982409074772,-2.1753400734552812
44900185,45000185,0.0002583698987773171,0.40664879668796416,-2.065999901496005
45000185,45100185,0.00032837120457896883,0.10437621776764369,-1.892784176280775
45100185,45200185,6.858659233123142e-05,0.10677338404467608,-2.0548255880437387
45200185,45300185,0.0001549720969730035,0.28910043767965293,-2.0384804990964542
45300185,45400185,0.00024522323406639504,0.30024648889564776,-1.843784646012725
45400185,45500185,-1.9431151782770882e-05,-0.08177221772958494,-1.7415175142614472
45500185,45600185,0.00030267554609195494,0.3836812270928387,-1.699577053616206
45600185,45700185,0.00012529735109433808,0.24278647786715327,-1.6671289964052156
45700185,45800185,-6.05120420182502e-05,-0.349771736634717,-1.1339891288791868
45800185,45900185,-5.731753045497319e-05,-0.14661666942170618,-1.0937997867506195
45900185,46000185,5.975230136469335e-05,0.49839793893901924,-2.120071703339614
46000185,46100185,-3.0756469170552027e-05,-0.1451187621221446,-1.6624071068859814
46100185,46200185,-0.00010068884686705304,-0.23064708494038727,-1.3956637790341164
46200185,46300185,0.00010999258377998518,0.29195564516765476,-1.8591253446963665
46300185,46400185,4.5389935018610045e-05,0.19951862454643776,-2.0169340771933557
46400185,46500185,0.00021188816147471508,0.2039587695174317,-1.8509812955401899
46500185,46600185,0.00017626456751143875,0.4359144288471735,-2.131000552495243
46600185,46700185,0.00011302184500242373,0.22083909832221713,-2.110183127695426
46700185,46800185,-1.58564092123254e-05,-0.06962489826748473,-1.5979566235861133
46800185,46900185,3.910830383717979e-05,0.14393724968951233,-1.8029978297157219
46900185,47000185,6.929072262395863e-05,0.23691524157501823,-2.155993964149352
47000185,47100185,0.00018311031147313708,0.28009645662261345,-2.149688064124723
47100185,47200185,0.0003325947808280205,0.40749963349486534,-1.922705828099003
47200185,47300185,0.00010730061013383696,0.16942427722367454,-1.8054368148020559
47300185,47400185,0.0003721317553933537,0.35207566523552963,-2.0209066838021608
47400185,47500185,2.8092194591407886e-05,0.074921318455326,-1.9047291405598092
47500185,47600185,0.00013080581201887985,0.30412201426963303,-2.175023154923401
47600185,47700185,3.71548002476345e-05,0.323294400627452,-1.88926639144137
47700185,47800185,0.0002863538238085388,0.43009443648919343,-2.092173073815328
47800185,47900185,0.0001650420778591751,0.37040154181677665,-1.7742945578485734
47900185,48000185,-9.20465133814853e-06,-0.042505276657924224,-1.7297591135113568
48000185,48100185,0.00016048499936786046,0.3389060612796993,-1.853211922387083
48100185,48200185,9.14948716952115e-05,0.3735855890609308,-2.2492574822303
48200185,48300185,6.003258346240839e-05,0.27829935982553144,-2.092069699096104
48300185,48400185,9.45876954521679e-05,0.13449170332952043,-1.7294229813707915
48400185,48500185,0.00030116406699171847,0.4545519420177591,-2.0474442372820096
48500185,48600185,6.579432339909297e-05,0.37317637517773106,-2.2228284234895503
48600185,48700185,0.00010608860991207498,0.4646091363747689,-2.1968941239031894
48700185,48800185,2.2714120469858586e-05,0.33826270445012024,-2.1888228385913924
48800185,48900185,0.00034726197753630203,0.4457393257323835,-1.9178723382211385
48900185,49000185,6.443776625131439e-05,0.24900832231088282,-2.182727608367666
49000185,49100185,2.8022970250888256e-05,0.21283610655150306,-1.9111007820852004
49100185,49200185,5.130255281912196e-05,0.21712388887052614,-2.1609030926567847
49200185,49300185,8.332522788818902e-05,0.31794258431470523,-2.0109561345282967
49300185,49400185,9.31224186949083e-05,0.2923602260747345,-1.8978927410986952
49400185,49500185,0.00010275219334892272,0.23509695479068285,-2.0160539814697596
49500185,49600185,5.936641200033862e-05,0.33409409129036133,-1.8805210610603513
49600185,49700185,6.371803957844522e-05,0.16262662095326844,-1.7230295948385925
49700185,49800185,9.348366007248805e-05,0.26012005096546975,-2.070474582865956
49800185,49900185,0.00018977269634216966,0.5135011142068807,-2.202302601284408
49900185,50000185,0.0001599727859045932,0.35946161640716856,-1.7829835148232926
50000185,50100185,0.00021003274852723515,0.11830621153885311,-0.9905940277624832
50100185,50200185,4.764695566167989e-05,0.08309840697430326,-1.671806337934354
50200185,50300185,0.00021349703277222012,0.3188161531336931,-1.983550599113043
50300185,50400185,2.244479821509693e-05,0.09572181572371789,-1.8308461100302131
50400185,50500185,0.0003340692681737525,0.46156853726751684,-2.295096676280362
50500185,50600185,-2.091349741195487e-05,-0.09569437808299464,-1.281343142858901
50600185,50700185,0.00033902847571189247,0.3267278520610229,-2.048376826449023
50700185,50800185,0.00017183509707069307,0.5708127644356188,-1.9719821405810152
50800185,50900185,5.168411070859137e-05,0.19490414784389523,-2.098191560196531
50900185,51000185,0.00013797429369193011,0.40188160192884137,-1.8620708448635406
51000185,51100185,5.704402040446707e-05,0.3617401237784333,-1.946264318837954
51100185,51200185,4.245665957599851e-05,0.20228305227489526,-1.8022854789582017
51200185,51300185,0.00013824137306005577,0.6519421851163757,-1.6394235783382336
51300185,51400185,-5.734732308779155e-06,-0.025318267886565746,-1.7411460991298215
51400185,51500185,8.999236131213558e-05,0.2683063174763446,-1.9424254511047128
51500185,51600185,0.00013098562175888948,0.33646476107756046,-1.9671132131181257
51600185,51700185,0.00016387117571989873,0.4347894384009379,-2.1797243279789136
51700185,51800185,0.00012384018466945655,0.47424643779137954,-1.769964119372439
51800185,51900185,5.285215927483771e-05,0.18433389148402432,-2.1434255536605615
51900185,52000185,7.045246705459182e-05,0.28697602372810876,-1.9369599484667506
52000185,52100185,6.834874271863643e-05,0.30827214227282307,-2.4396960864771575
52100185,52200185,6.522438722895804e-05,0.3697719061057509,-2.2522744841268647
52200185,52300185,3.250585302354081e-05,0.15220085945595815,-2.2503515086453936
52300185,52400185,1.7351682581996788e-05,0.1814765337761221,-2.5053910189297355
52400185,52500185,4.217607999053596e-05,0.23136600942304883,-2.307163881580553
52500185,52600185,-9.28900402066177e-06,-0.28271412217233094,-1.5821132021106679
52600185,52700185,2.625252402331321e-05,0.23181554165769863,-2.2586824077042786
52700185,52800185,5.051580479125552e-05,0.27241053833993184,-2.5157992520917607
52800185,52900185,6.583434275594339e-05,0.23732038968010796,-2.4535380778657463
52900185,53000185,9.959096690479266e-06,0.19363240827458558,-2.331369169900484
53000185,53100185,-8.996599203152574e-06,-0.053028383094983096,-1.8290337330301383
53100185,53196522,2.4051072602070718e-05,0.19568069046813114,-2.4747505472289792
