chrom,start,end,center,pi_AFR,theta_w_AFR,tajimas_d_AFR,fay_wu_h_AFR,normalized_fay_wu_h_AFR,segregating_sites_AFR,n_variants_AFR,pi_EUR,theta_w_EUR,tajimas_d_EUR,fay_wu_h_EUR,normalized_fay_wu_h_EUR,segregating_sites_EUR,n_variants_EUR,fst,dxy,da
1,19500000,20000000,19750000,0.000202401254021355,0.002207584737948426,-2.3507167730279157,9.609596113564692e-06,0.007217129478066824,13345.0,26758,0.00014708345761177822,0.0022158559434109553,-2.4162170862537042,-0.00011825972904290814,-0.08848576028231354,13395.0,26758,0.16787645077490143,0.00020999568631284682,3.525333049627858e-05
1,20000000,20500000,20250000,0.0007428530027374545,0.005853697529935626,-2.2605890753222595,9.905661898088545e-05,0.0280701355643125,35386.0,70973,0.0005142377856440727,0.0059011742492904124,-2.3635435057843486,-0.000349643209899701,-0.0982831332194567,35673.0,70973,0.20935604836848606,0.0007949790710385766,0.00016643367684781403
1,20500000,21000000,20750000,0.0007720085543713864,0.005899354584088661,-2.2503407110477585,0.00023488289740035702,0.06604488501684386,35662.0,70889,0.0005793175981474171,0.0058442683557083696,-2.3325083411208354,-0.0001553167432246771,-0.04408381830530384,35329.0,70889,0.14068000022284666,0.0007862764469977518,0.00011061337073835091
1,21000000,21500000,21250000,0.0006810946187476101,0.005824417462598354,-2.2863879739510886,0.0002451867474699998,0.06982888886102723,35209.0,70646,0.0005789997305655458,0.005821439828631852,-2.3316407655186633,1.5999081127001205e-05,0.004558848869478973,35191.0,70646,0.10029165888865885,0.0007002793526154219,7.023217795884364e-05
1,21500000,22000000,21750000,0.0006963047886741027,0.005847080565565621,-2.280828679279895,0.0001570067013191724,0.04454205520137014,35346.0,70784,0.0005342998288137067,0.005864780945255384,-2.3532825274359457,-0.0001236663450327552,-0.034977701170159116,35453.0,70784,0.13591838012397192,0.0007120881807806493,9.678587203674249e-05
1,22000000,22500000,22250000,0.0006449837682375061,0.005847907686111872,-2.303594761319159,9.18862356616994e-05,0.026064002615709136,35351.0,70515,0.0004350680441122383,0.005804070297160588,-2.3950751324052426,-0.00025226733580989365,-0.07209722233674526,35086.0,70515,0.17878367737336304,0.000657592757590731,0.00011756685141585717
1,22500000,23000000,22750000,0.000746885618982412,0.005829545609985108,-2.257434173504439,6.674804773277652e-05,0.018993045665371213,35240.0,70473,0.0006041236332197499,0.005824582886707604,-2.3206119305638278,-0.0002358495745289341,-0.06716776619714108,35210.0,70473,0.16113147140660045,0.0008052568466636976,0.00012975222056261249
1,23000000,23500000,23250000,0.0007093626656068913,0.005875533512356643,-2.2765706350601818,0.00013450368899708566,0.03797332782973174,35518.0,70898,0.00043391416109100754,0.005866104338129386,-2.397643811769947,-0.0003718261943631431,-0.1051433380509211,35461.0,70898,0.17055545421231036,0.0006891821957858365,0.0001175437824368853
1,23500000,24000000,23750000,0.0008071741674687071,0.005843110386943618,-2.231491042978613,0.00015669443839823953,0.04448366313578534,35322.0,70602,0.0006223522718877482,0.005862961280053633,-2.3143239667613376,-0.00019757467901679548,-0.055899220513135804,35442.0,70602,0.1517701383646023,0.0008426527430896578,0.00012788952341143112
1,24000000,24500000,24250000,0.0006562015107309351,0.005865608065801635,-2.299506729981557,0.0003024660820921699,0.08553723190590003,35458.0,70488,0.0005452249960089735,0.00580522826592534,-2.3459835147485757,9.707217823948161e-05,0.02773739532530223,35093.0,70488,0.11953335895391896,0.0006822669086654636,8.155365529550784e-05
1,24500000,25000000,24750000,0.0007431730081727039,0.005843275811052868,-2.2598601574174872,0.00018937624664742703,0.053760113187974405,35323.0,70456,0.0005364073577221917,0.005798776725664585,-2.349649328067697,-0.00021920144471732124,-0.06270426502614872,35054.0,70456,0.1385887465426019,0.0007427232699586228,0.00010293308701117257
1,25000000,25500000,25250000,0.0009110926448230789,0.005827395096564857,-2.1843530149621966,5.059865377980805e-05,0.014403074231504368,35227.0,70818,0.0006792650517939464,0.005895715253685158,-2.2908604942618886,-0.00039613240303706346,-0.11145410842814255,35640.0,70818,0.08852848918076343,0.0008724121805992047,7.723333229069215e-05
1,25500000,26000000,25750000,0.0006520361181758041,0.0057967916363535835,-2.2979211410271816,3.971791280814375e-05,0.011365505062240695,35042.0,70264,0.0004599391156085485,0.0058159808330265975,-2.3844018406200274,-0.0003201840494057694,-0.09132026667246027,35158.0,70264,0.15698242515363087,0.0006595207899351286,0.00010353317304295694
1,26000000,26500000,26250000,0.000728454916985802,0.005893233892046407,-2.2691232758946756,0.00014203864525947564,0.03998020374766131,35625.0,71161,0.000514658295677183,0.005864615521146134,-2.361947377060118,-0.0002925472272838846,-0.08274618319576642,35452.0,71161,0.16799225219385558,0.0007470562719758078,0.00012549966564431929
1,26500000,27000000,26750000,0.0008683187963610085,0.005899520008197911,-2.208081815281577,5.6648312829181806e-05,0.0159280495593088,35663.0,71001,0.0005569194016690423,0.005852704985280126,-2.342787899068597,-0.0005351298063479082,-0.15166793496897688,35380.0,71001,0.13709691457291712,0.0008258390902168469,0.00011321999120182056
1,27000000,27500000,27250000,0.0007359748994380192,0.005835170029699612,-2.2625957774470513,0.00016742747365252797,0.04759530165227112,35274.0,70750,0.0005051490540783742,0.005843606659271369,-2.3653414957521197,-0.00027634135823801433,-0.07844332169637772,35325.0,70750,0.1539220152830493,0.0007334571847597707,0.00011289520800157185
1,27500000,28000000,27750000,0.0007678253117737421,0.005843275811052868,-2.248936699430506,5.67545945870138e-05,0.016111489603107074,35323.0,70804,0.00036307417941314473,0.005864615521146134,-2.4288701001258968,-0.0006835269379265785,-0.19333372512202776,35452.0,70804,0.2772119967500809,0.0007823175579154025,0.00021686781232195824
1,28000000,28500000,28250000,0.000654657457870405,0.005822101525068853,-2.2980242090977208,-0.00014733313073973193,-0.04197698337960029,35195.0,70461,0.0005052505053092816,0.005827064248346356,-2.364659183302709,-0.000391287727268842,-0.11138766844771633,35225.0,70461,0.404470196807346,0.0009738454372558962,0.0003938914556660528
1,28500000,29000000,28750000,0.0007076061846564679,0.005802581480177337,-2.273416582905565,8.91519887089106e-05,0.025485897407970123,35077.0,70585,0.00044140747816417573,0.005834342909153361,-2.393272271645901,-0.0004219693315145592,-0.11997197086990521,35269.0,70585,0.20072681207396456,0.0007187865677074925,0.00014427973629715495
1,29000000,29500000,29250000,0.0007168147474344983,0.005819123891102351,-2.270218682843674,2.8191160485517797e-05,0.008036109869002809,35177.0,70509,0.0004803401260078859,0.005835666302027363,-2.3760432628594272,-0.00038304126519942913,-0.10887947029365683,35277.0,70509,0.169469766266736,0.0007207172146282108,0.00012213977790701848
1,29500000,30000000,29750000,0.0007341316257580762,0.005819785587539351,-2.262550929644897,0.00014048461372955342,0.04004168154114185,35181.0,70782,0.0005156729605606165,0.005882977597272899,-2.362212011625852,-0.0003170962433004348,-0.08940994684815771,35563.0,70782,0.20710459406671478,0.0007881270196329741,0.00016322472647362757
1,30000000,30500000,30250000,0.0007270606206028355,0.005830041882312858,-2.2662668732575897,0.00010458850587811378,0.029757952374240317,35243.0,70624,0.000522633246545101,0.005862795855944384,-2.3583547094805706,-0.0002572351319261385,-0.07278082918828112,35441.0,70624,0.1030379703030502,0.0006966258468986715,7.177891332470688e-05
1,30500000,31000000,30750000,0.0005344913042964626,0.005876526057012143,-2.353670888785222,-0.0005067866690998352,-0.14305278215501693,35524.0,71240,0.0005792485224470642,0.005899685432307161,-2.334955446601347,-0.00037997417981811986,-0.10683597822525571,35664.0,71240,0.08642188450327534,0.0006095482191676044,5.267830579584313e-05
1,31000000,31500000,31250000,0.0007459951348219823,0.005855517195137378,-2.2593020029522433,9.726904243147907e-05,0.027555018552096102,35397.0,70795,0.000611677975991603,0.005863292128272133,-2.3190531585284258,-0.0002188659502358728,-0.06191960391469303,35444.0,70795,0.1394762134589057,0.0007888643707745106,0.00011002781536770828
1,31500000,32000000,31750000,0.0008348701513601428,0.0059203634459634264,-2.2240537798142976,2.413096662682301e-05,0.006761127120967155,35789.0,70585,0.00035544154610998754,0.00580572453825309,-2.4306413373638085,-0.0009099756763675371,-0.25999414702887,35096.0,70585,0.2624691290538873,0.0008069572029861738,0.00021180135425111053
1,32000000,32500000,32250000,0.0006895951360467882,0.00585783313266688,-2.2843614617181034,8.786999889061667e-05,0.024882556798949677,35411.0,70954,0.000479223143032032,0.00585832940499463,-2.377363891896403,-0.00031585649696375936,-0.08943498058247538,35414.0,70954,0.14201067763597655,0.0006811380098866908,9.67288703472807e-05
1,32500000,33000000,32750000,0.0007067347494217237,0.005902497642164413,-2.2791542266050997,7.888451299338101e-05,0.022169111539919174,35681.0,70799,0.0005644441819760459,0.005785377372815325,-2.336545680798883,-0.00016763712130289513,-0.048064923405854665,34973.0,70799,0.13170922443417546,0.0007320007117250147,9.641124602612842e-05
1,33000000,33500000,33250000,0.0007811823112353258,0.005878511146323145,-2.2450966314255987,0.0001081248000722768,0.030510533913901326,35536.0,71041,0.0005663207221610422,0.005874210119482642,-2.3395483993738604,-0.0003180701027933959,-0.08981835845395159,35510.0,71041,0.15456972573282074,0.0007969332743397495,0.00012318175764155774
1,33500000,34000000,33750000,0.0007386812241100669,0.005934093647031187,-2.266869248850496,0.00020993497394508314,0.058684505330462516,35872.0,71101,0.0005189098492371084,0.005844102931599119,-2.359263999035538,-0.00019986747839768998,-0.056730335368110334,35328.0,71101,0.19666596518801002,0.0007827323497133563,0.00015393681303977496
1,34000000,34500000,34250000,0.0008919699803476392,0.00591093427173617,-2.198458925338592,0.0002154623159186758,0.060465512669317815,35732.0,70957,0.0006107817505177229,0.0058694128203143885,-2.3197308417941547,-0.0002708055826553759,-0.0765340317621885,35481.0,70957,0.18486083848452525,0.0009217761836336023,0.00017040031820091906
1,34500000,35000000,34750000,0.000632708591407336,0.00585849482910388,-2.309536974830162,3.230121165473145e-05,0.00914585173232102,35415.0,70790,0.0004744223439020445,0.005844764628036119,-2.378997532965113,-0.00030831116375443213,-0.0875010597472978,35332.0,70790,0.11981381579217185,0.0006289186056159858,7.535313796129787e-05
1,35000000,35500000,35250000,0.0007475626930075746,0.005848403958439622,-2.2582060767827437,0.00013507518551293093,0.03831151976708338,35354.0,70683,0.0005174819980849996,0.005850223623641374,-2.3601371302974568,-0.0003154839083090342,-0.08945321531783981,35365.0,70683,0.17999012843682125,0.0007713594280760931,0.00013883708252980875
1,35500000,36000000,35750000,0.0008532843817300546,0.005882977597272899,-2.2136253730189117,8.99143169155367e-05,0.025352663319602058,35563.0,70805,0.0006629097701763403,0.00585832940499463,-2.2961812690720325,-0.0003075477533202153,-0.08708235420445794,35414.0,70805,0.1402197183095099,0.0008817334987748109,0.00012363642282161699
1,36000000,36500000,36250000,0.0007089775359623837,0.005874210119482642,-2.2766698245947556,5.144040677795283e-05,0.014526020692992902,35510.0,70727,0.000643188258093218,0.005824748310816854,-2.3032549612630198,-0.0001074119816986231,-0.03058906530862687,35211.0,70727,0.16791229496224985,0.0008125139849248612,0.00013643108789705775
1,36500000,37000000,36750000,0.0007252479258186903,0.005877849449886145,-2.269696662275953,0.00012460499272858909,0.035164853100149586,35532.0,70571,0.0004218137574757475,0.005814161167824846,-2.4013155046806647,-0.0004545496668202628,-0.12968348755254275,35147.0,70571,0.17996984402830044,0.0006994021347510523,0.00012587129310383274
1,37000000,37500000,37250000,0.0006831622804090398,0.005829711034094358,-2.285745155173924,-5.0177404201647505e-05,-0.014277491655348156,35241.0,70488,0.0004122372782713569,0.0058323578198423605,-2.406154907895878,-0.0005495947841506036,-0.15631089654863717,35257.0,70488,0.1925839513602138,0.0006783365035443025,0.00013063672420410717
1,37500000,38000000,37750000,0.0008055336354153876,0.005855351771028128,-2.232965496984793,6.711771133509081e-05,0.019014086793003673,35396.0,70910,0.0005535877382548095,0.005891083378626155,-2.345861396411204,-0.00038537332897839997,-0.10851220720831525,35612.0,70910,0.16601513837447415,0.0008148357579416935,0.00013527507110659497
1,38000000,38500000,38250000,0.0006317788069314892,0.0058781802981046445,-2.31088506714689,6.778285611512775e-05,0.019127965969930126,35534.0,70767,0.0005095288031102459,0.005822597797396602,-2.3625840267445475,-0.00016831454750118678,-0.047950755645271056,35198.0,70767,0.12586778638709173,0.0006528232184259474,8.216941340507754e-05
1,38500000,39000000,38750000,0.0008561156225684587,0.005914904450358173,-2.21441633478292,9.145583738275434e-05,0.025648166808205,35756.0,70965,0.0007511524125343646,0.005875533512356643,-2.2581551947807457,-0.00014707130869260742,-0.0415214412405675,35518.0,70965,0.1252112078133286,0.0009186606238312072,0.00011502660627979253
1,39000000,39500000,39250000,0.0007104764020282526,0.0058843009901469,-2.2765472577834265,-5.580421275835306e-06,-0.0015731280319052669,35571.0,70797,0.000492963921315022,0.005844102931599119,-2.370759036440078,-0.00046850962174451875,-0.13298165453344837,35328.0,70797,0.12582736075726175,0.0006883310397274561,8.661087805581327e-05
1,39500000,40000000,39750000,0.0008123225570422055,0.005865608065801635,-2.2305926621526435,3.199754760867393e-05,0.009048887833278388,35458.0,71060,0.0006662292775414187,0.005922017687055928,-2.297887552558771,-0.0002176154656573683,-0.06095549236666535,35799.0,71060,0.12910762443740365,0.0008488717297744723,0.00010959581248265567
1,40000000,40500000,40250000,0.0007882299497177175,0.00587222503017164,-2.2416202349684338,3.7216066997029314e-05,0.010512826150725876,35498.0,70870,0.0005110518817778308,0.005844599203926869,-2.3627646589238696,-0.0004639319368013051,-0.13167114761547216,35331.0,70870,0.17310546857895806,0.0007856393905893938,0.00013599847484161933
1,40500000,41000000,40750000,0.0007380470788254124,0.0058715633337346395,-2.26370997720036,0.00016605817729076796,0.04691353943026398,35494.0,70670,0.0005471335470040927,0.0058264025519093555,-2.346021469551784,-0.00022025977126054487,-0.06270835025832634,35221.0,70670,0.1726552938176579,0.0007766899432757597,0.00013409963036100373
1,41000000,41500000,41250000,0.0006923346750825869,0.005847576837893372,-2.282612767111237,0.00016211068457820614,0.04598612908802332,35349.0,70733,0.00039492026409162703,0.0058538629540448766,-2.4144889380884758,-0.00041627513297334064,-0.11795849111822661,35387.0,70733,0.15896963000440617,0.0006463826860254946,0.0001027552164383884
1,41500000,42000000,41750000,0.0005630424171511873,0.005826733400127856,-2.338966069272707,-0.00022522615880761043,-0.06411864982455215,35223.0,70463,0.0006154926942219753,0.005816477105354348,-2.3151759549040896,-5.612392264929906e-05,-0.016005839230680653,35161.0,70463,0.21551289516163327,0.0007511500852617698,0.00016188252957518751
1,42000000,42500000,42250000,0.0008058489900181231,0.005852704985280126,-2.2326646287630254,0.00012528639592022716,0.03550900869941942,35380.0,71012,0.0005513631233754401,0.005872721302499391,-2.3460794604348827,-0.0003705486459980365,-0.1046640528999144,35501.0,71012,0.18479501340883497,0.0008324360962681013,0.00015383003957131233
1,42500000,43000000,42750000,0.0007156921267038927,0.005880992507961897,-2.274074765134594,0.00023386891825410953,0.06596503108918748,35551.0,70899,0.00045826114314602694,0.005821605252741102,-2.385346571720608,-0.0002698374973059113,-0.07688650460286435,35192.0,70899,0.13998120089064858,0.0006825160514311184,9.553941650616047e-05
1,43000000,43500000,43250000,0.0007110214844446785,0.005820116435757851,-2.272850391879333,0.00022831671162643863,0.06507236114951415,35183.0,70854,0.0004517859128205552,0.00584542632447312,-2.389047930837172,-0.0002572152622299066,-0.07299139217706534,35336.0,70854,0.12356978025798757,0.0006633770556238983,8.197335699128599e-05
1,43500000,44000000,43750000,0.0007088251616870325,0.0058886020169874025,-2.2775020811228712,0.00031821052897583414,0.08963846275424077,35597.0,71043,0.0005756451620246443,0.005844764628036119,-2.3341570327041,5.346878583358057e-05,0.015174849223319265,35332.0,71043,0.11479313242527459,0.0007255198591206182,8.328469726477715e-05
1,44000000,44500000,44250000,0.0006947409782804057,0.00587205960606239,-2.2828324716575934,-0.00037840700232864946,-0.10689574118541892,35497.0,70656,0.0005568976510639369,0.00583169612340536,-2.3419076832175305,-0.0006111301871269097,-0.17383196838712134,35253.0,70656,0.26133130154579903,0.0008472259836936508,0.00022140666902147984
1,44500000,45000000,44750000,0.0007385351883049187,0.005822432373287353,-2.26074147665491,0.00019489619486773825,0.055525118848438394,35197.0,70611,0.0005329060716217495,0.005830538154640609,-2.352512359049228,-0.00022968353171331365,-0.06534494354474386,35246.0,70611,0.21912530719660775,0.0008141135009516362,0.00017839287098829642
1,45000000,45500000,45250000,0.0007141382359257885,0.005853532105826376,-2.273281023808089,0.00010474587654541016,0.029683165571339605,35385.0,70791,0.0006022210086691292,0.005859321949650131,-2.3230486266149266,-0.00017901361721818,-0.050679242960095156,35420.0,70791,0.16113465107693917,0.0007846069969893447,0.00012642737469188638
1,45500000,46000000,45750000,0.0006738548207608372,0.005840959873523367,-2.290456471508139,5.216464607150829e-05,0.014814365199083242,35309.0,70853,0.0005195340032998629,0.0058766914811213935,-2.360267454179208,-0.00022952527933319073,-0.06478723258515082,35525.0,70853,0.16001359892712783,0.0007103619907034598,0.00011366757867310991
1,46000000,46500000,46250000,0.000851796612367975,0.005888767441096653,-2.2146493363849493,3.856707370703134e-06,0.0010863864640894179,35598.0,71300,0.0004301098792213839,0.005896376950122159,-2.4003009516733314,-0.0007995829195838555,-0.22494197127330617,35644.0,71300,0.1497593835705551,0.0007538492438597515,0.00011289599806507726
1,46500000,47000000,46750000,0.0007995932906287498,0.005935417039905188,-2.24036993765476,-6.6561571699819524e-06,-0.0018602246973094137,35880.0,71209,0.0006439501582030198,0.005836989694901364,-2.30351792367311,-0.00034718383443546407,-0.09866462835535265,35285.0,71209,0.13942408073509618,0.0008387077865620381,0.00011693606214615466
1,47000000,47500000,47250000,0.0006704835804808148,0.005795964515807332,-2.289638697492625,0.0001340554118438473,0.0383661858551351,35037.0,70516,0.0005692054928843537,0.0058345083332626115,-2.336565358087148,-6.550861342749772e-05,-0.01862451631500309,35270.0,70516,0.1357366209511303,0.0007171940310190907,9.734949433650103e-05
1,47500000,48000000,47750000,0.0006608165329499557,0.005800761814975586,-2.29420178561831,0.0001004313738827177,0.02871934112103234,35066.0,70467,0.0005125439026672436,0.00580605538647159,-2.3605920774491183,-0.0001648719342630351,-0.047103782152064906,35098.0,70467,0.128935450414249,0.0006735209440991056,8.684072629049945e-05
1,48000000,48500000,48250000,0.0006432610194316124,0.005849727351313623,-2.3044462977073787,1.468112045388591e-05,0.004163080192268752,35362.0,70705,0.0005735758067538962,0.005815484560698848,-2.333791230800176,-0.0001489210672191074,-0.04247766801684051,35155.0,70705,0.0860728720454255,0.0006657187367379171,5.730032364516376e-05
1,48500000,49000000,48750000,0.0007459204647232724,0.005861637887179632,-2.2596800678244082,8.665687760584035e-05,0.024523108214817596,35434.0,70436,0.0005731635786880248,0.005808536748110342,-2.3336687616035583,-0.00023586650456066115,-0.06735809667054744,35113.0,70436,0.15970581723806426,0.0007848941897197678,0.0001253521680141197
1,49000000,49500000,49250000,0.0010192902143603836,0.005942861124821444,-2.14509053363689,0.0004086779296955235,0.11407194338858415,35925.0,71021,0.0007218093998854321,0.005869578244423639,-2.270762397860368,-0.0001412544889620733,-0.039919675386034206,35482.0,71021,0.22373718611444807,0.0011214627205502297,0.00025091291342731827
1,49500000,50000000,49750000,0.0011999024039506848,0.005957253022326204,-2.06766609717621,0.0003105631554852661,0.0864763660408701,36012.0,71677,0.0005713387239282575,0.005940545187291942,-2.340155765482691,-0.0009029074879926621,-0.25212164875231297,35911.0,71677,0.2849144693214117,0.0012384820080167433,0.00035286144407728134
1,50000000,50500000,50250000,0.0007445591123577527,0.005840298177086366,-2.2590774538276657,0.0002012518260512245,0.05716047095568501,35305.0,70816,0.0005693249806044292,0.005852208712952375,-2.3372784171825836,-0.00010503223561327774,-0.0297710435241776,35377.0,70816,0.12177088242426994,0.0007480303639829816,9.108831750189086e-05
1,50500000,51000000,50750000,0.0006886129473685066,0.005862795855944384,-2.2850537563548965,0.00022679531043083296,0.06416833744898116,35441.0,70935,0.0005659414842294798,0.005869743668532888,-2.3395252585945423,-1.8570456075581093e-05,-0.005248015107669449,35483.0,70935,0.10091220196417282,0.0006976818250330059,7.04046092340169e-05
1,51000000,51500000,51250000,0.000765089967278706,0.005872555878390141,-2.25184208796923,8.389015165943318e-05,0.023696026484086388,35500.0,70886,0.0004997265349423639,0.0058596527978686305,-2.3683521859302195,-0.0004521724063700311,-0.12800401507896678,35422.0,70886,0.27215902716159596,0.0008688824546984738,0.00023647420358793988
1,51500000,52000000,51750000,0.0006099635458308856,0.00585832940499463,-2.319581521054637,0.00011693582174873643,0.03311045695759106,35414.0,70749,0.00029564566117590865,0.005814161167824846,-2.457500572664115,-0.0004051869624310063,-0.11560025720941002,35147.0,70749,0.34258002424206335,0.0006887600319430093,0.00023595542843961163
1,52000000,52500000,52250000,0.0009200156542543677,0.005857998556776129,-2.182527080874495,0.0001138178063736583,0.03222940840332219,35412.0,70934,0.0005936598715713254,0.005922348535274428,-2.3296302168975735,-0.000524367093725615,-0.1468703945967303,35801.0,70934,0.1861370998785499,0.000929932747639992,0.00017309498472713666
1,52500000,53000000,52750000,0.0008011371029284577,0.005919867173635677,-2.238776931154315,0.00015956869880166642,0.044712451433735506,35786.0,71283,0.0006298548614440566,0.00591126511995467,-2.313288791773525,-0.00015980223223150403,-0.04484303073522178,35734.0,71283,0.2036096056846195,0.0008984236717227898,0.00018292768953653092
1,53000000,53500000,53250000,0.00078046156613429,0.0058781802981046445,-2.245394698450933,0.00018620834512046724,0.05254701694380778,35534.0,70821,0.0005580544369882006,0.0058634575523813836,-2.3427396747462543,-0.0002472709598219692,-0.06995372300522285,35445.0,70821,0.19067738251036412,0.0008269359920232962,0.00015767799046204731
1,53500000,54000000,53750000,0.0008047140305837433,0.005849892775422873,-2.2329952902972954,3.548672175399793e-05,0.0100625761155205,35363.0,70617,0.0005832275032900685,0.005872721302499391,-2.332031098208397,-0.00040239040187389866,-0.11365797922351797,35501.0,70617,0.09000406852746672,0.0007626086479457696,6.863788100886245e-05
1,54000000,54500000,54250000,0.0007692126354829837,0.005881323356180398,-2.2505309149023383,0.00026699203663328416,0.07530349765872416,35553.0,71038,0.0005132511316579544,0.005891414226844655,-2.363602281188101,-0.00024794296113643045,-0.06981107795308977,35614.0,71038,0.16400005652661973,0.0007670238360373443,0.00012579195246687584
1,54500000,55000000,54750000,0.0006966931616674382,0.0058442683557083696,-2.2805079533563273,0.00013895157898714082,0.03943886559894692,35329.0,70494,0.0005361588958559764,0.005825575431363105,-2.350864506483784,-0.00018708444231052955,-0.05327083495035214,35216.0,70494,0.12689758839557105,0.0007060180118258591,8.959198306414908e-05
1,55000000,55500000,55250000,0.000690855054471177,0.005909114606534418,-2.286459997984656,0.00012118674370844121,0.03401928717414216,35721.0,71188,0.0005090743209034299,0.005893895588483407,-2.365532372551918,-0.0002405505851855304,-0.0677011668130186,35629.0,71188,0.16034382660078095,0.0007145361478830448,0.0001145714601957435
1,55500000,56000000,55750000,0.000825661933505569,0.0058871132000041515,-2.226038023187862,0.00019545270829931884,0.055072061186763,35588.0,70987,0.0007279878310189533,0.005902828490382914,-2.2698493610108463,-6.611723836077999e-06,-0.001858005134522471,35683.0,70987,0.07963873066269452,0.000844043429620901,6.721854735865827e-05
1,56000000,56500000,56250000,0.001081189832442464,0.005951794026720951,-2.11883008717893,8.963149740336075e-05,0.02498079113664008,35979.0,71251,0.0009990237286315376,0.005922513959383678,-2.1524228668126164,-7.468147002614398e-05,-0.020917008004846346,35802.0,71251,0.09604872744189445,0.0011506226188418075,0.000110515838304809
1,56500000,57000000,56750000,0.0009482417152869812,0.005859156525540881,-2.1701344602200634,0.00014635328927247292,0.04143418454512553,35419.0,70792,0.0005471750612112186,0.005907791213660417,-2.34936172916052,-0.0005608977500562199,-0.15748929426984512,35713.0,70792,0.22828297161699157,0.0009688893217959518,0.0002211809335468523
1,57000000,57500000,57250000,0.0009077965931417884,0.0058760297846843935,-2.1891608180429953,0.00011857417609343361,0.033473252121799336,35521.0,70721,0.0004530702595860054,0.005838809360103115,-2.3882508777985105,-0.0008197433796668286,-0.23288664185794933,35296.0,70721,0.2114351537151536,0.0008628756779724283,0.00018244225160852614
1,57500000,58000000,57750000,0.0007576001946797788,0.005890917954516905,-2.256187328927974,9.299080726357181e-05,0.026184793447100205,35611.0,70624,0.0004890111988785995,0.005822928645615103,-2.371720065494014,-0.0004183061255280215,-0.11916352915566233,35200.0,70624,0.18192675059023836,0.0007619191768321417,0.00013861348005295417
1,58000000,58500000,58250000,0.0006363558164635797,0.005869909092642138,-2.3084731844236472,7.118149762553538e-05,0.020115340675564204,35484.0,70793,0.00043771265397472614,0.005830372730531359,-2.394779238515106,-0.00027134223972611205,-0.07719903175818059,35245.0,70793,0.14051776015509376,0.0006248345926448311,8.78003574256685e-05
1,58500000,59000000,58750000,0.000949179740747646,0.00587123248551614,-2.1705838742749135,0.00017100944799485182,0.048315057771361254,35492.0,70649,0.0006373872343705902,0.0058619687353981325,-2.3076365572797464,-0.00043786821768564414,-0.12390573165994495,35436.0,70649,0.161057452647744,0.0009455754628991676,0.00015229197534005163
1,59000000,59500000,59250000,0.0005991525865852835,0.005822101525068853,-2.3227078895163875,4.562852640385654e-05,0.01300011670744888,35195.0,70593,0.00042253560560345,0.005816477105354348,-2.4010692352111236,-0.00028842348374016967,-0.08225476219730424,35161.0,70593,0.13176537669806357,0.0005883710259692242,7.752692987485557e-05
1,59500000,60000000,59750000,0.0006518475723167413,0.0058192893152116,-2.2991334054169115,-0.00013126080492608958,-0.03741585147060766,35178.0,70553,0.0005477581403084083,0.005834839181481112,-2.3460967954895797,-0.00032923744692042864,-0.09359899856980267,35272.0,70553,0.14572428702370563,0.0007021185867762574,0.00010231573046367384
1,60000000,60500000,60250000,0.0007854101748355775,0.005915896995013673,-2.2454244710081124,0.0001060102615701046,0.029724869485501532,35762.0,71062,0.0006397078905851538,0.005864119248818384,-2.306715399516805,-0.00018031061609375933,-0.05100467946018993,35449.0,71062,0.1165043823069911,0.0008065224302644595,9.396339755409293e-05
1,60500000,61000000,60750000,0.0007077769844896636,0.005878014873995395,-2.2774013210911543,0.0001241502949423393,0.035035546818745614,35533.0,70857,0.000569777268842102,0.005838643935993865,-2.33649117242471,-0.00015224530031429355,-0.04325365945681877,35295.0,70857,0.11797880970661209,0.0007242197054846553,8.544257881877286e-05
1,61000000,61500000,61250000,0.000648955646070687,0.00589885831176091,-2.304323382981995,6.294154244364188e-05,0.017699528583096126,35659.0,70899,0.0005223174838770576,0.005835831726136613,-2.3574253975794153,-0.00012604773907311245,-0.03582805144240729,35278.0,70899,0.10515337344642686,0.0006544546826187203,6.881811764483711e-05
1,61500000,62000000,61750000,0.0009080220003138342,0.005956591325889204,-2.1944808706056684,0.0001684679248667809,0.04691513325249686,36008.0,71774,0.0006309928157131891,0.005971644919830966,-2.3155911751611566,-0.00028460015443150494,-0.07905603151302756,36099.0,71774,0.1782876605594377,0.0009364681179507957,0.0001669607099372854
1,62000000,62500000,62250000,0.000868683235987801,0.0059388909461994405,-2.21045324671723,0.0002413091114017932,0.06740025221956526,35901.0,71111,0.000688791045313105,0.005875864360575143,-2.2856530331677023,-0.00015495835477827348,-0.0437456639760441,35520.0,71111,0.1374652981007184,0.0009028473160963646,0.00012411017544591493
1,62500000,63000000,62750000,0.0007013948032714596,0.005809694716875093,-2.2765721050735936,0.0002213273919204342,0.06319346332778321,35120.0,70559,0.0004946129262014735,0.0058619687353981325,-2.370698299719132,-0.00018967401659587954,-0.05367299304665546,35436.0,70559,0.14930822745606168,0.00070296185297265,0.00010495798823618077
1,63000000,63500000,63250000,0.0007458891510549354,0.005894061012592657,-2.2615096936580006,0.00019170762140277543,0.05395316534884429,35630.0,70966,0.0006681368762529835,0.0058449300521453695,-2.2931927017722056,3.088861865441265e-05,0.008766177525701236,35333.0,70966,0.1227135620611077,0.0008059089746269178,9.88959609729552e-05
1,63500000,64000000,63750000,0.0006474484422122364,0.0058345083332626115,-2.3018437531849383,-0.0001427812923573706,-0.040593631430318786,35270.0,70840,0.00040464055381972245,0.005881985052617398,-2.41104847928877,-0.0006645892710642886,-0.18742232536444423,35557.0,70840,0.13659388329957223,0.0006092665871144468,8.322208909846836e-05
1,64000000,64500000,64250000,0.0006189382243976603,0.005852539561170876,-2.3153438068504837,3.9601266043237275e-05,0.011224214927746045,35379.0,70880,0.0005321118335937442,0.005864284672927635,-2.3542285418326636,-0.0001651467065163523,-0.04671392885110817,35450.0,70880,0.12753336137584348,0.0006596527632311312,8.412773423542478e-05
1,64500000,65000000,64750000,0.0008384044465631078,0.0058945572849204075,-2.2209002598665077,0.00026444804951753577,0.07441857743785947,35633.0,71053,0.0007136692446131074,0.005899189159979411,-2.2759364479587436,-4.429548454300857e-06,-0.0012455450045751257,35661.0,71053,0.1504118747317175,0.000913427133109169,0.0001373902875210697
1,65000000,65500000,65250000,0.0006917788110875383,0.0058048974177068394,-2.280602278000309,0.0001532531591301406,0.043793038737334276,35091.0,70604,0.00040848788908107387,0.0058523741370616255,-2.408441851213721,-0.0004380735323309912,-0.1241670006115547,35378.0,70604,0.2565133305605319,0.0007399370731134018,0.00018980372302909837
1,65500000,66000000,65750000,0.0007725233193394257,0.00584509547625462,-2.2469617641573545,5.031397135207908e-05,0.014278680796381059,35334.0,70768,0.0005542779047844943,0.005863788400599884,-2.344421147156459,-0.0003545189411785518,-0.10028885308466229,35447.0,70768,0.17465816050031702,0.0008037889033513147,0.00014038829128935117
1,66000000,66500000,66250000,0.0008379845195518276,0.005869578244423639,-2.2195157119130617,0.0001933546929600119,0.054643619711104825,35482.0,70913,0.0007389607124501648,0.005890256258079904,-2.264343168615929,9.192777613719158e-06,0.002588836713258457,35607.0,70913,0.1446332836229474,0.0009217948289360114,0.00013332221293501436
1,66500000,67000000,66750000,0.0006906049931845561,0.005826567976018606,-2.282273818129214,0.00019370019127083578,0.05514522517935447,35222.0,70363,0.0005597585286723039,0.005798445877446085,-2.3392087265732284,-5.38135159613289e-05,-0.015394649639384684,35052.0,70363,0.13334247559971393,0.0007213711798794507,9.618941895101784e-05
1,67000000,67500000,67250000,0.0006748126726673515,0.0058048974177068394,-2.288169678036728,0.00024147566383755998,0.06900316548503682,35091.0,70503,0.00047753281648317704,0.005866435186347886,-2.378403463840926,-0.00018361163380644098,-0.05191794427158669,35463.0,70503,0.18634079306217566,0.0007081253916406357,0.00013195264706536693
1,67500000,68000000,67750000,0.0007512866520807528,0.005866931458675636,-2.2576097291125956,0.00031443586278677226,0.08890222687183959,35466.0,70523,0.00046912275756778177,0.005814822864261847,-2.380271748715948,-0.000248726354583292,-0.070953812175947,35151.0,70523,0.2554449447561039,0.0008195561906753372,0.00020935148585107368
1,68000000,68500000,68250000,0.0006504214470122864,0.005896211526012909,-2.3035515693407307,-0.00010017127611723379,-0.02818138776250278,35643.0,70790,0.0004715817537485448,0.005802912328395838,-2.3787445068490856,-0.0003178728228662556,-0.09086519012854846,35079.0,70790,0.19786287939154254,0.0006993836664166816,0.00013838206603626371
1,68500000,69000000,68750000,0.0008489942608184331,0.005867427731003387,-2.2145216572261512,0.00021728047455619765,0.061427740891187965,35469.0,70294,0.0006087681444712614,0.005789512975546578,-2.3169042670922213,-0.00026028608928130244,-0.07457594640158076,34998.0,70294,0.19015138319153094,0.000900021544170504,0.0001711403415256542
1,69000000,69500000,69250000,0.0009490283668551109,0.005934920767577438,-2.1751480942192853,0.0002009208823515612,0.05615691187367632,35877.0,71177,0.0003641159329463251,0.005906302396677166,-2.4295494495971197,-0.0009516343327692243,-0.26726794131506976,35704.0,71177,0.2844298524448832,0.0009175510635027492,0.00026097891360203233
1,69500000,70000000,69750000,0.0007863296377405987,0.005870239940860639,-2.242340665997624,0.00017856117449998725,0.05045716374180113,35486.0,70832,0.00045528012426222623,0.005838147663666114,-2.387247979738238,-0.0005100733978119303,-0.14492674563479196,35292.0,70832,0.24796904329891467,0.0008255044230148859,0.00020469954201347447
1,70000000,70500000,70250000,0.0008220153520241551,0.005881157932071147,-2.227275106276585,0.00016689225266362654,0.0470722794176549,35552.0,70797,0.0006437823175190155,0.0058515470165153745,-2.304304370550228,-0.00012975125812097327,-0.03678172715912413,35373.0,70797,0.11161905456525825,0.0008249826142008678,9.208377942928246e-05
1,70500000,71000000,70750000,0.0008183178498243364,0.005908452910097417,-2.230570007444331,0.00037710702436158464,0.10587254073782928,35717.0,71034,0.0004772258360009627,0.005860976190742632,-2.378342168357877,-0.00029866037911863494,-0.08452771010044267,35430.0,71034,0.22270187540309508,0.0008333634450077107,0.00018559160209505898
1,71000000,71500000,71250000,0.0007577676685173169,0.005921521414728178,-2.2578381606425193,0.00025005280220894197,0.07004726739138656,35796.0,71237,0.0006108781118561431,0.005869578244423639,-2.319695946590007,-4.96135699858022e-05,-0.014021201188921445,35482.0,71237,0.12977597234017496,0.0007863755405909538,0.00010205265040422557
1,71500000,72000000,71750000,0.0007923291987794121,0.005916889539669174,-2.242454541926307,0.0002105193761683604,0.05901892411729433,35768.0,70891,0.000598942046507495,0.005834839181481112,-2.3233843767883746,-0.00011449827080875866,-0.032550742893666,35272.0,70891,0.1857405483245582,0.0008543169148500763,0.00015868129220662354
1,72000000,72500000,72250000,0.0006152438502123062,0.0058975349188869096,-2.3190596574146847,-2.3963484087361736e-05,-0.006740183086694158,35651.0,71155,0.00045637077196191155,0.00587123248551614,-2.387908485816572,-7.492309272279971e-05,-0.021167915549438532,35492.0,71155,0.21662003799652133,0.0006839686194122773,0.0001481613083251698
1,72500000,73000000,72750000,0.0007216091461888834,0.005863292128272133,-2.2705088024363045,8.23633638282787e-05,0.02330150879948471,35444.0,70968,0.0006093444501059364,0.005870239940860639,-2.3204028385872673,-0.00014547134139065304,-0.04110675970205469,35486.0,70968,0.09939258418788756,0.0007389199627529961,7.344316460558855e-05
1,73000000,73500000,73250000,0.0006749882719357537,0.005874706391810393,-2.2916763938117986,8.832712737712325e-05,0.02494018625323886,35513.0,70792,0.0006253224959296113,0.005841290721741867,-2.3119854485260762,-7.235475813841356e-05,-0.020547040927077317,35311.0,70792,0.18058950021692055,0.0007934428276232923,0.0001432874436906119
1,73500000,74000000,73750000,0.000607704062175235,0.005864450097036885,-2.3208611068395495,-3.7432964060593465e-05,-0.010588110086240086,35451.0,70491,0.0005162195934097618,0.005800265542647836,-2.358722499939443,-0.00023801087768122886,-0.06806737769622712,35063.0,70491,0.0898283430682306,0.000617424002947562,5.546217515506305e-05
1,74000000,74500000,74250000,0.000634610268569317,0.005883473869600649,-2.3098899571539526,-5.736032867019003e-05,-0.016172223977881154,35566.0,71117,0.0006264489180254207,0.005905144427912415,-2.3144955627880517,-8.411321405978254e-05,-0.02362795439474149,35697.0,71117,0.11622175202308126,0.0007134477395662058,8.291814626883252e-05
1,74500000,75000000,74750000,0.000550585006100672,0.005879172842760146,-2.346689591103452,9.858670636797763e-05,0.027815955325503853,35540.0,70888,0.0005326943745891482,0.0058087021722195925,-2.351714699025479,0.00012849166020711367,0.03669324425049632,35114.0,70888,0.11533517471063041,0.0006122541270560469,7.061443671113898e-05
1,75000000,75500000,75250000,0.0007337735318259491,0.0058709016372976396,-2.26555793102383,0.00011510089919004395,0.03252112649718711,35490.0,70911,0.0005973184069066961,0.005906964093114166,-2.3273489930607227,-0.00011611565371134486,-0.03260760490176975,35708.0,70911,0.14368495021427924,0.0007772209183201783,0.00011167494895385561
1,75500000,76000000,75750000,0.0006307989647438796,0.0058434412351621185,-2.3096611280938872,8.808783438652449e-05,0.025005659415891616,35324.0,70723,0.00046127409319516715,0.0058846318383654,-2.386210825117897,-0.00026334299252153475,-0.07423256034130868,35573.0,70723,0.159045277136406,0.0006493055025718546,0.00010326897360233135
1,76000000,76500000,76250000,0.001045964069688885,0.00597677306721772,-2.1360582252414577,-0.0004558354182577052,-0.1265130319949783,36130.0,71546,0.0007993789306539475,0.0059729683127049665,-2.242659525208823,-0.0011077068433390526,-0.307629876190514,36107.0,71546,0.36033394686804066,0.0014424268657883864,0.0005197553656169637
1,76500000,77000000,76750000,0.0006621578259888909,0.005830703578749859,-2.2951240664139583,-0.00025140426522140196,-0.07152246159371745,35247.0,70516,0.00035451501945434256,0.005855848043355878,-2.4324135470365036,-0.0009423547149386848,-0.26694140665420263,35399.0,70516,0.26061546379702755,0.0006875129216681949,0.00017917649894658218
1,77000000,77500000,77250000,0.0007623457046856652,0.005809529292765843,-2.2493989490446222,0.00023307717322867074,0.06655015877606733,35119.0,70584,0.00041634907086649545,0.005880827083852647,-2.405858342281808,-0.0004414468797172115,-0.12451794042478471,35550.0,70584,0.2014855173241905,0.0007380547260718283,0.00014870733829574625
1,77500000,78000000,77750000,0.0006173821165865774,0.00585882567732238,-2.316325956209809,8.947946032511959e-05,0.025334024203743775,35417.0,70446,0.0005229334485707107,0.005786369917470825,-2.3551634050232826,-7.129051443292588e-05,-0.020436914580106408,34979.0,70446,0.14585272033494764,0.0006675169448551391,9.735916227649397e-05
1,78000000,78500000,78250000,0.0009156930164687941,0.005923175655820679,-2.188897690286344,0.00016415288060594047,0.04597129185001336,35806.0,71019,0.0008549842852754806,0.005882481324945148,-2.21284543001887,7.432782979977901e-07,0.00020959591737878638,35560.0,71019,0.09957033443496426,0.0009832402071247367,9.790155625258705e-05
1,78500000,79000000,78750000,0.0007276628454586841,0.005872721302499391,-2.2683524698927857,-0.00010456746801427221,-0.029535811618952423,35501.0,71408,0.0006495972423398633,0.005979254428856471,-2.307883928166915,-0.0002725368326334484,-0.07560877244056602,36145.0,71408,0.07624371284997691,0.0007454672335961825,5.683718969690835e-05
1,79000000,79500000,79250000,0.0007282619690863099,0.005861637887179632,-2.267480058973929,0.0001311118840518659,0.03710347071904917,35434.0,70716,0.0005728707140569648,0.005840959873523367,-2.335220357350888,-0.00012296933899389354,-0.034922362813468874,35309.0,70716,0.1596720306681857,0.0007741814688001918,0.0001236151272285557
1,79500000,80000000,79750000,0.0005986170445746642,0.005790505520202079,-2.321489984005384,7.887330554117614e-05,0.022594536232626247,35004.0,70310,0.0004418248243516524,0.005845757172691621,-2.393471187736528,-0.00018713729916639186,-0.053101977835579725,35338.0,70310,0.17632206557430163,0.0006315829436727693,0.00011136200920961368
1,80000000,80500000,80250000,0.0006676343645718678,0.0058619687353981325,-2.2942767535535458,-5.2413147675161895e-05,-0.014831607202772774,35436.0,70796,0.00057156458054604,0.005875202664138142,-2.3372797412875244,-0.0002626170563701063,-0.07414670227152546,35516.0,70796,0.14275729344715551,0.0007227818537530071,0.00010318238119405339
1,80500000,81000000,80750000,0.0007481563425436437,0.005885789807130151,-2.2600510408845795,0.00010166209858127661,0.028651431023130537,35580.0,70909,0.00041622181152387917,0.00587205960606239,-2.4056397863241052,-0.0005120313417017967,-0.14464312088453685,35497.0,70909,0.20642787884709277,0.0007336309599530214,0.00015144188291925912
1,81000000,81500000,81250000,0.0006848215198794325,0.005874706391810393,-2.2873425776957106,0.00013362795960777737,0.03773140030954317,35513.0,71017,0.0006135066774614238,0.005889759985752154,-2.3194659349477065,-2.2968744898362388e-05,-0.006468919554738735,35604.0,71017,0.09488287271249236,0.0007172155725474106,6.805147387699288e-05
1,81500000,82000000,81750000,0.0008208555233318696,0.005877849449886145,-2.227581966631376,3.043361388929384e-05,0.008588689251439177,35532.0,71037,0.0005050748305921142,0.00592532616924093,-2.368469676986324,-0.0005755460757730308,-0.16112417028514217,35819.0,71037,0.2099029184118012,0.0008390933119620702,0.000176128135000077
1,82000000,82500000,82250000,0.0007549011321243557,0.0059041518832569145,-2.258118689983141,-0.00024512192499322633,-0.06886793099240594,35691.0,71109,0.0006750680417918541,0.0058694128203143885,-2.291372341151338,-0.00037284266620378866,-0.10537135969553962,35481.0,71109,0.10663500257001018,0.0008003275134065078,8.534292644840798e-05
1,82500000,83000000,82750000,0.0006506411576746031,0.005829711034094358,-2.3001888148551473,-0.00012950387251274014,-0.03684906560142882,35241.0,70761,0.0006019562989636277,0.0058715633337346395,-2.3237214860532815,-0.00023578631906191527,-0.06661262309930784,35494.0,70761,0.12218536014910546,0.0007134749181502194,8.717618983110162e-05
1,83000000,83500000,83250000,0.0005713831561061648,0.005839471056540115,-2.335815018193627,0.0001925724102730157,0.054703048179787626,35300.0,70421,0.0004283513936177192,0.005760398332318555,-2.396617691622593,-0.0001056688764814586,-0.030428725083445456,34822.0,70421,0.2847975902665587,0.0006989172128878716,0.00019904993802592942
1,83500000,84000000,83750000,0.0006905324642344655,0.005854690074591127,-2.28378297506368,0.0002064724625439524,0.05849914747467848,35392.0,70696,0.00029122155678126485,0.005802250631958838,-2.4592031107548227,-0.0005221518523870588,-0.14927616655576043,35075.0,70696,0.335101584559108,0.0007382736958126462,0.0002473966853047816
1,84000000,84500000,84250000,0.0007951121318055444,0.005861141614851882,-2.237921668364364,0.0003094791361594828,0.08758719411372645,35431.0,71023,0.0004948901227658451,0.005922348535274428,-2.3728110078677718,-0.00027436803595114276,-0.07684796049761304,35801.0,71023,0.14883951710469182,0.0007577902642885929,0.00011278913700290218
1,84500000,85000000,84750000,0.0007921356192224308,0.005905806124349416,-2.2418875938810525,8.368667259906715e-05,0.02350550298653186,35701.0,70916,0.00046125560424584985,0.0058849626865839,-2.3862304059646537,-0.0006095809124294169,-0.1718223379526543,35575.0,70916,0.16718101373061708,0.0007524991889785826,0.00012580357724444524
1,85000000,85500000,85250000,0.0008243136115827491,0.005837651391338365,-2.2235541846046716,1.496384653167047e-05,0.004252027055247962,35289.0,70614,0.0004812853970273922,0.005862134159507383,-2.376590930553241,-0.0006278420300733672,-0.17765854739575837,35437.0,70614,0.139727028891678,0.000758828332666949,0.00010602882836188121
1,85500000,86000000,85750000,0.0008693918579076157,0.005883639293709899,-2.2065793882958005,0.0001124784927629015,0.03171139865077392,35567.0,71031,0.0005377443189822233,0.005899354584088661,-2.353156932731119,-0.0005630361072829004,-0.15831571977949382,35662.0,71031,0.28184886954940097,0.0009796936307858994,0.00027612554234098094
1,86000000,86500000,86250000,0.0007385959185754175,0.005847080565565621,-2.2621016319114533,0.00020242828951506602,0.05742794396762462,35346.0,70964,0.0005915911483065436,0.005904482731475415,-2.3297501525953868,-7.815131672321866e-05,-0.02195567776423091,35693.0,70964,0.12057567108414667,0.0007562828450065212,9.118931156554242e-05
1,86500000,87000000,86750000,0.000851065468296515,0.005852704985280126,-2.212661436323183,0.00013364805176409368,0.03787889178146178,35380.0,70754,0.0005120513253618917,0.005916724115559924,-2.365094954622217,-0.0005121105114077755,-0.14357374956661836,35767.0,70754,0.18276810784574846,0.0008339840911396842,0.00015242569431048343
1,87000000,87500000,87250000,0.0008807094708209299,0.005923341079929929,-2.204200653687177,0.00014993670681938078,0.04198885600715079,35807.0,70565,0.0007288671308027235,0.005850223623641374,-2.2665833946112834,-0.00018043348007195948,-0.05116062822327461,35365.0,70565,0.08819568435618881,0.0008826326954188542,7.78443946070231e-05
1,87500000,88000000,87750000,0.0006974276108111219,0.005807544203454841,-2.278224803368938,3.2121634286201246e-05,0.009174773761471198,35107.0,70542,0.0005505091052588807,0.005877353177558394,-2.3466477585439107,-0.00024632098287423443,-0.06952026688244145,35529.0,70542,0.1336207265862647,0.0007202023146005922,9.623395656558831e-05
1,88000000,88500000,88250000,0.0008120493924421706,0.005889098289315153,-2.232145439210991,8.735485744496691e-05,0.024605394094189176,35600.0,70878,0.0005083790461278969,0.005875037240028892,-2.365118880047139,-0.0005561442367673885,-0.1570249185701186,35515.0,70878,0.16293387850746044,0.0007887240951853204,0.0001285098759002974
1,88500000,89000000,88750000,0.0007893136054922861,0.005860976190742632,-2.240473312355622,0.00016648732958555627,0.047119717627542114,35430.0,70327,0.0006062593467209104,0.005791332640748329,-2.3181116285693775,-0.00020064527819796968,-0.05746988411834721,35009.0,70327,0.1293665242858846,0.0008014698441656768,0.00010368336805907529
1,89000000,89500000,89250000,0.000672143734548774,0.005828553065329607,-2.2905794078054997,2.755374176005614e-05,0.007841706001963364,35234.0,70634,0.0005697731560361994,0.005854359226372627,-2.3371729661867557,-0.00017344093780018204,-0.04914321305879477,35390.0,70634,0.10202462969798116,0.0006915094398226887,7.055099453020023e-05
1,89500000,90000000,89750000,0.0006092763651590654,0.005862465007725883,-2.3200756338841892,-7.821151732449164e-05,-0.022130026288558473,35439.0,70454,0.00038905631759334776,0.00583285409217011,-2.416460386367089,-0.0005217461634012162,-0.14837781608951603,35260.0,70454,0.14215618795581023,0.0005818848773724819,8.271853599627155e-05
1,90000000,90500000,90250000,0.0006573188510167308,0.005831199851077609,-2.2972977375417876,-1.6998334327042015e-05,-0.004835475941140569,35250.0,70770,0.0005616921098305355,0.0058886020169874025,-2.3421951830008476,-0.00019860464022762006,-0.05594602637178889,35597.0,70770,0.08308492050886167,0.0006647349291730903,5.5229448749452896e-05
1,90500000,91000000,90750000,0.000646020821157227,0.005855517195137378,-2.303508127212056,-1.6528323385353816e-05,-0.004682252915559445,35397.0,70592,0.0004893793284642865,0.005859983646087131,-2.3729364769786705,-0.00027468239748201827,-0.0777545571712897,35424.0,70592,0.15086023280058095,0.0006685590485094975,0.0001008589736987392
1,91000000,91500000,91250000,0.000766561350192125,0.005866766034566386,-2.2508592227582835,0.0001680095292522858,0.04750362184381442,35465.0,71016,0.0006349148537943738,0.00592466447280393,-2.3117028473251966,-8.17976486849999e-05,-0.022901815088510847,35815.0,71016,0.12615125422144402,0.0008018986184713197,0.00010116051647807274
1,91500000,92000000,91750000,0.0006949632233328568,0.005856013467465128,-2.281893124012506,0.00012618192922027788,0.03574262422500735,35400.0,71034,0.0005813923924989653,0.005915400722685923,-2.334694114043789,-0.00011046286747876798,-0.03097596079122033,35759.0,71034,0.11148884989146915,0.000718255260879423,8.00774529635097e-05
1,92000000,92500000,92250000,0.0007528423173658099,0.005862630431835133,-2.256678997223574,0.0001589978078631201,0.04498731815777647,35440.0,70706,0.0005637535843272696,0.005866104338129386,-2.3403356764689973,-0.00024635824999963527,-0.06966407734051937,35461.0,70706,0.12316349308857476,0.0007507647613405567,9.246681049402662e-05
1,92500000,93000000,92750000,0.0007696745629690511,0.005881157932071147,-2.2503180102194547,4.220263447303421e-05,0.011903333859839419,35552.0,71118,0.0005672647439328519,0.005870736213188389,-2.338983976063058,-0.00037132281065726033,-0.10491817483580067,35489.0,71118,0.18846659370052055,0.000823711813046146,0.00015524215959518553
1,93000000,93500000,93250000,0.0007262660587308077,0.0058530358334986255,-2.267889297300087,0.00012727442488444818,0.036070422818925384,35382.0,70691,0.0005188192602424191,0.005856840588011379,-2.359805436601698,-0.0003007404633050212,-0.0851765054464966,35405.0,70691,0.1482273778338682,0.0007308789262362168,0.00010833626674959464
1,93500000,94000000,93750000,0.0006826923836572675,0.0058960461019036585,-2.2893722027425363,9.851437861042404e-05,0.027716026804733028,35642.0,70986,0.0005037685896417165,0.0058493965030951235,-2.3661747216357094,-0.00021582885437699303,-0.061205385313843896,35360.0,70986,0.14693354323125132,0.0006954094630518847,0.00010217897640239846
1,94000000,94500000,94250000,0.000735319008665522,0.005922844807602179,-2.2677257558308828,6.281169906767878e-05,0.017591504869431198,35804.0,71121,0.0004925156872594983,0.005848569382548872,-2.3711247542788905,-0.00037448102060494193,-0.10621145026612361,35355.0,71121,0.14791806446994776,0.0007204909790514202,0.00010657363108891104
1,94500000,95000000,94750000,0.0009023754184936142,0.005855848043355878,-2.190177156198478,0.00012913664084516257,0.03658061663123233,35399.0,70847,0.0007042158313125437,0.005900843401071912,-2.280172393546776,-0.00028661100780155973,-0.08056958057592653,35671.0,70847,0.1457725058755123,0.0009403766917215598,0.0001370810668184796
1,95000000,95500000,95250000,0.0007070277181638059,0.005833350364497861,-2.275342055809917,0.00010932846905770305,0.031088948894136558,35263.0,70523,0.0005331775981114053,0.0058272296724556066,-2.3522569890603813,-0.0002619034463636923,-0.07455379840308347,35226.0,70523,0.1752243228675708,0.0007518440169006044,0.0001317413587629991
1,95500000,96000000,95750000,0.0008098177620062524,0.005982728335150724,-2.2387081308003665,0.00011531628081988413,0.03197315071105798,36166.0,71611,0.0004361981979377771,0.005925822441568681,-2.398582492897867,-0.0006169465375537223,-0.17269977280109783,35822.0,71611,0.2361627765624481,0.0008156292477705211,0.0001926212677985085
1,96000000,96500000,96250000,0.0006935286358841848,0.005874210119482642,-2.28347920714675,0.00016625810377638142,0.04694886388162403,35510.0,70517,0.00048258089969201954,0.005793152305950081,-2.373473024538511,-0.00024204383267239542,-0.06930570791966334,35020.0,70517,0.16274066604387658,0.0007023567775698153,0.0001143020097817149
1,96500000,97000000,96750000,0.0007972818713113472,0.005864615521146134,-2.2371721713843464,2.293566634188585e-05,0.006487290501649563,35452.0,70737,0.0005028830252316818,0.005857006012120629,-2.3668567438420953,-0.0005968381755787716,-0.1690333058781598,35406.0,70737,0.22943989470083456,0.0008436492413768638,0.0001935667931053466
1,97000000,97500000,97250000,0.0008101461847620776,0.005857998556776129,-2.2310880210927726,2.0693253532952553e-05,0.005859639546359861,35412.0,70497,0.000592672534473564,0.005833184940388611,-2.326091655642541,-0.00043127597726320564,-0.12264231864561116,35262.0,70497,0.10629396812153606,0.0007848322989865231,8.342293936869999e-05
1,97500000,98000000,97750000,0.0007654782677041164,0.005850719895969124,-2.25040901591397,8.320129785571862e-05,0.023589134987039437,35368.0,70562,0.0006319331318439555,0.005837485967229114,-2.308872296141232,-0.0001485627006017994,-0.04221578433802557,35288.0,70562,0.13733074777834575,0.0008099346278704675,0.00011122892809643872
1,98000000,98500000,98250000,0.0007846004035946751,0.0059011742492904124,-2.2449206458014292,5.250084018954567e-05,0.014757749970213094,35673.0,70829,0.0006455661277707203,0.005843937507489869,-2.303142314488179,-0.00019830819886314306,-0.05628934271028834,35327.0,70829,0.13248374922439854,0.0008242880349996709,0.00010920476931697102
1,98500000,99000000,98750000,0.0007024510472510965,0.005859321949650131,-2.2787581980902747,0.00019449531043402374,0.05506215250693224,35420.0,70674,0.0005520764853542819,0.005831365275186859,-2.3440342437442117,-0.00011529582377954818,-0.03279700002258001,35251.0,70674,0.1451492108950808,0.0007337698862734186,0.00010650611997072952
1,99000000,99500000,99250000,0.0006258274665232919,0.005878014873995395,-2.3134986814966036,0.0001933349498464285,0.054559642328601214,35533.0,70700,0.0004704419413144159,0.0058249137349261045,-2.3800483739188683,-7.27967741780044e-05,-0.020730667324128173,35212.0,70700,0.10588643706594206,0.0006130481928044499,6.491348888559117e-05
1,99500000,100000000,99750000,0.0007944186015070491,0.005825410007253855,-2.2360717506334784,0.00016691882383010603,0.04753018172945147,35215.0,70468,0.0005255032138987531,0.005869743668532888,-2.357362717754048,-0.00033401486241533564,-0.09439267603377711,35483.0,70468,0.21817052131120224,0.0008441238475800374,0.00018416293987712787
1,100000000,100500000,100250000,0.0006892563196430167,0.005916393267341424,-2.2875328153081567,0.00018516706582997125,0.05191577903845268,35765.0,71009,0.0004274290742393184,0.005865938914020136,-2.400500841236935,-0.0003180514606174713,-0.08993969636630002,35460.0,71009,0.20040975204265657,0.0006982860263330497,0.00013994332939187325
1,100500000,101000000,100750000,0.0007672953388684076,0.0059115959681731705,-2.253107896484835,5.024091423903633e-05,0.014097605386859407,35736.0,70841,0.0005806117059064707,0.00580572453825309,-2.330223084012355,-0.0003544498649198334,-0.10127181713493313,35096.0,70841,0.16464531434328178,0.000806787265288596,0.0001328337429011573
1,101000000,101500000,101250000,0.0007073515594422303,0.005889759985752154,-2.2782112805167603,0.00015254385729155718,0.04296246685464233,35604.0,70458,0.0005711413212186493,0.005786866189798576,-2.3336144092144657,-0.00011689118930116422,-0.03350642738544925,34982.0,70458,0.11817453012836976,0.0007249126524130195,8.566621208258243e-05
1,101500000,101991176,101745588,0.0007966575990175572,0.005933600087899355,-2.2415331147554847,0.00023576672670826764,0.06591055609264719,35236.0,69793,0.0005791195961703684,0.005852770026536361,-2.3329582311823507,-0.00017346924014019854,-0.049164309985887444,34756.0,69793,0.15430053503918478,0.0008133960420860595,0.00012550744449209568
